{
  "symptoms": {
    "Head": [
      "Feels light-headed, tipsy", 
      "Irritable"
    ], 
    "Fever": [
      "Skin clammy and sticky", 
      "Cold-water feeling between shoulders", 
      "Cold shivers, as if blood were ice-water", 
      "Night-sweat", 
      "Chills run down back"
    ], 
    "Stomach": [
      "Pain in right shoulder-blade, and constipation, with burning in rectum", 
      "Great appetite, craving for meat, pickles, radishes, turnips, artichokes, coarse food", 
      "Flatulence disturbs the heart's action", 
      "Tendency to eat far beyond capacity for digestion", 
      "Gnawing, hungry, faint feeling at the epigastrium", 
      "Burning and distention of stomach and abdomen with palpitation", 
      "Canine hunger with torpid liver"
    ], 
    "Female": [
      "Sore feeling at fundus of uterus, relieved by pressure", 
      "Prostration; wants to lie down all the time", 
      "Uterine displacements", 
      "Thinks womb is soft and feeble"
    ]
  }, 
  "details": "Mucous membranes are affected by Abies-c. and gastric symptoms are most marked, and a catarrhal condition of the stomach is produced. There are peculiar cravings and chilly sensations that are very characteristic, especially for women with uterine displacement, probably due to defective nutrition with debility. Respiration and heart action labored. Wants to lie down all the time; skin cold and clammy, hands cold; very faint. Right lung and liver feel small and hard. Gleet.", 
  "Common names": "Pinus Canadensis Hemlock Spruce", 
  "name": "Abies canadensis", 
  "dosage": "First to third potency."
}