{
  "name": "Abies nigra", 
  "Relationship": "Compare: (Lump in stomach - China Bry. Puls.) also other Conifers - Thuja, Sabina, Cupressus (painful indigestion) also Nux-v. Kali-c.", 
  "Common names": "Black Spruce", 
  "symptoms": {
    "Head": [
      "Unable to think", 
      "Dull during the day, wakeful at night", 
      "Hot, with flushed cheeks", 
      "Low-spirited"
    ], 
    "Fever": [
      "Alternate heat and cold; chronic intermittent fever, with pain in stomach"
    ], 
    "Stomach": [
      "Sensation of a lump that hurts, as if a hard-boiled egg had lodged in the cardiac end of stomach; continual distressing constriction just above the pit of the stomach, as if everything were knotted up", 
      "Eructations", 
      "Pain in stomach always comes on after eating", 
      "Total loss of appetite in morning, but great craving for food at noon and night", 
      "Offensive breath"
    ], 
    "Chest": [
      "Dyspnea; worse lying down: sharp, cutting pain in heart; heart's action heavy and slow; tachycardia, bradycardia", 
      "Choking sensation in throat", 
      "Worse coughing; water brash succeeds cough", 
      "Painful sensation, as if something were lodged in the chest and had to be coughed up; lungs feel compressed", 
      "Cannot be fully expanded"
    ], 
    "Back": [
      "Pain in small of back", 
      "Rheumatic pains and aching in bones"
    ], 
    "Sleep": [
      "Bad dreams", 
      "Wakeful and restless at night, with hunger"
    ]
  }, 
  "details": "A powerful and long-acting remedy, in various forms of disease, whenever the characteristic stomach symptoms are present. Most of the symptoms are associated with the gastric disturbances. IN DYSPEPTIC TROUBLES OF THE AGED, with functional heart symptoms; also after tea or tobacco. CONSTIPATION. Pain in external meatus.", 
  "dosage": "First to thirtieth potency."
}