{
  "name": "Abrotanum", 
  "Relationship": "Compare: Scrophularia; Bryonia; Stellaria; Benzoic acid, in gout. Iodine, Nat-m. in marasmus.", 
  "Modalities": [
    "Worse: cold air", 
    "Worse: checked secretions", 
    "Better: motion"
  ], 
  "Common names": "Southern wood", 
  "symptoms": {
    "Respiratory": [
      "Raw feeling", 
      "Dry cough following diarrhoea", 
      "Pain in lumbar region extending along spermatic cord", 
      "Pain in sacrum, with hemorrhoids", 
      "Impeded respiration"
    ], 
    "Stomach": [
      "Slimy taste", 
      "Gnawing hunger and whining", 
      "Food passes undigested", 
      "Pain in stomach; worse at night; cutting, gnawing pain", 
      "Appetite good, but emaciation progresses", 
      "Indigestion, with vomiting of large quantities of offensive fluid", 
      "Stomach feels as if swimming in water; feels cold"
    ], 
    "Mind": [
      "Cross, irritable, anxious, depressed"
    ], 
    "Abdomen": [
      "Alternate diarrhoea and constipation", 
      "Sensation as if bowels were sinking down", 
      "Ascarides", 
      "Hemorrhoids; frequent urging; bloody stools; worse as rheumatic pains abate", 
      "Oozing from umbilicus", 
      "Hard lumps in abdomen", 
      "Distended"
    ], 
    "Face": [
      "Angioma of the face", 
      "Comedones, with emaciation", 
      "Nosebleed", 
      "Wrinkled, cold, dry, pale", 
      "Blue rings around dull-looking eyes"
    ], 
    "Skin": [
      "Itching chilblains", 
      "Eruptions come out on face; are suppressed, and the skin becomes purplish", 
      "Furuncles", 
      "Falling out of hair", 
      "Skin flabby and loose"
    ], 
    "Extremities": [
      "Joints stiff and lame", 
      "Pricking and coldness in fingers and feet", 
      "Legs greatly emaciated", 
      "Pain in shoulders, arms, wrists, and ankles", 
      "Painful contraction of limbs"
    ]
  }, 
  "details": "A very useful remedy in MARASMUS, especially of lower extremities only, yet with good appetite. METASTASIS. Rheumatism following checked diarrhoea. Ill effects of suppressed conditions especially in gouty subjects. Tuberculous peritonitis. EXUDATIVE PLEURISY and other exudative processes. After operation upon the chest for hydrothorax or empyema, a pressing sensation remains. Aggravation of hemorrhoids when rheumatism improves. Nosebleed and hydrocele in boys. Great weakness after influenza (Kali-p.)", 
  "dosage": "Third to thirtieth potency."
}