{
  "name": "Aethiops mineralis", 
  "Relationship": "Aethiops Antimonialis - (Hydrargyrum stibiato sulfuratum.) - (often more effective than the above in scrofulous eruptions, glandular swellings, otorrhoea and scrofulous eye affections, corneal ulcers. Third trituration.) Compare: Calc.; Sil.; Psor.", 
  "Common names": "Mineralis Sulph. and Quicksilver, or Black Sulphide Mercury", 
  "symptoms": {
    "Skin": [
      "Favus-like, scrofulous, herpetic and eczematous", 
      "Eruptions"
    ]
  }, 
  "details": "This preparation is of use in SCROFULOUS affections, ophthalmia, otorrhoea, painful, irritating, scabby eruptions, hereditary syphilis. Inveterate colds, acute facial paralysis.", 
  "dosage": "The lower triturations, especially the second decimal."
}