{
  "name": "Agnus castus", 
  "Relationship": "Compare: SELENIUM; PH-AC.; CAMPHOR; LYC.", 
  "Common names": "The Chaste Tree", 
  "symptoms": {
    "Eyes": [
      "Pupils dilated", 
      "Itching about eyes; photophobia"
    ], 
    "Mind": [
      "Sexual melancholy", 
      "Nervous depression and mental forebodings", 
      "Fear of death", 
      "Absentminded, forgetful, lack of courage", 
      "Sadness with impression of speedy death", 
      "Illusion of smell - herrings, musk"
    ], 
    "Abdomen": [
      "Nausea with sensation as if intestines were pressed downwards; wants to support bowels", 
      "Spleen swollen, sore", 
      "Deep fissures in anus", 
      "Stools soft, recede, difficult"
    ], 
    "Nose": [
      "Odor of herring or musk", 
      "Aching in dorsum better pressure"
    ], 
    "Female": [
      "Scanty menses", 
      "Relaxation of genitals, with leucorrhoea", 
      "Leucorrhoea staining yellow; transparent", 
      "Hysterical palpitation with nose bleed", 
      "Abhorrence of sexual intercourse", 
      "Agalactia; with sadness", 
      "Sterility"
    ], 
    "Male": [
      "Desire gone", 
      "Scanty emission without ejaculation", 
      "No erections", 
      "Yellow discharge from urethra", 
      "Gleety discharge", 
      "Loss of prostatic fluid on straining", 
      "Testicles, cold, swollen, hard, and painful", 
      "Parts cold, relaxed", 
      "Impotence"
    ]
  }, 
  "details": "The most effective point of attack of Agnus upon the organism is the sexual organism. It lowers sexual vitality, with corresponding mental depression and loss of nervous energy. It shows this distinctive influence in both sexes, but is more pronounced in men. Premature old age from abuse of sexual power. History of repeated gonorrhea. A prominent remedy for sprains and strains. GNAWING ITCHING IN ALL PARTS, ESPECIALLY EYES. Tachycardia caused by tobacco in neurotic young men.", 
  "dosage": "First to sixth potency."
}