{
  "name": "Allium cepa", 
  "Relationship": "Compare: GELS.; EUPH.; Kali-HY.; ACONITE; IPECAC. Complementary: PHOSPHOR.; THUJA; PULS. Antidotes: ARN.; CHAM.; VERAT.", 
  "Modalities": [
    "Worse: in the evening", 
    "Worse: in warm room", 
    "Better: in open air", 
    "Better: and in cold room"
  ], 
  "Common names": "Red Onion", 
  "symptoms": {
    "Eyes": [
      "Burning in eyelids", 
      "Eyes suffused and watery; profuse; bland lachrymation, better in open air", 
      "Sensitive to light", 
      "Red", 
      "Much burning and smarting lachrymation"
    ], 
    "Respiratory": [
      "Sensation as if larynx is split and torn", 
      "Hacking cough on inspiring cold air", 
      "Hoarseness", 
      "Oppressed breathing from pressure in middle of chest", 
      "Constricted feeling in region of epiglottis", 
      "Tickling in larynx", 
      "Pain extending to ear"
    ], 
    "Stomach": [
      "Belching", 
      "Canine hunger", 
      "Pain in pyloric region", 
      "Thirst", 
      "Nausea"
    ], 
    "Head": [
      "Headache ceases during menses; returns when flow disappears", 
      "Thread-like pains in face", 
      "Catarrhal headache, mostly in forehead; worse in warm room towards evening"
    ], 
    "Urine": [
      "Urine red with much pressure and burning in urethra", 
      "Increased secretion of urine with coryza", 
      "Sensation of weakness in bladder and urethra"
    ], 
    "Abdomen": [
      "Colic sitting, moving about", 
      "Pains in left hypogastrium", 
      "Rumbling, offensive flatus"
    ], 
    "Nose": [
      "Fluent coryza with headache, cough, and hoarseness", 
      "Polypus", 
      "Copious, watery and extremely acrid discharge", 
      "Hay-fever", 
      "Feeling of a lump at root of nose", 
      "Sneezing, especially when entering a warm room"
    ], 
    "Sleep": [
      "Gaping in deep sleep", 
      "Wakes at two am", 
      "Yawning with headache and drowsiness", 
      "Dreams"
    ], 
    "Extremities": [
      "Bad effects from getting feet wet", 
      "Limbs, especially arms, feel sore and tired", 
      "Lame joints", 
      "Neuralgia of stump", 
      "Ulcers on heel", 
      "Painful affections of fingers about nails"
    ], 
    "Ears": [
      "Earache, shooting in eustachian tube"
    ]
  }, 
  "details": "A picture of coryza, with ACRID NASAL discharge and laryngeal symptoms, eye secretion BLAND; singers' cold, WORSE IN WARM ROOM and toward evening; better in open air is presented by this remedy. Specially adapted to phlegmatic patients; colds in DAMP COLD WEATHER. Neuralgic pains, LIKE A FINE THREAD, following amputations or injuries to nerves. Traumatic chronic neuritis. Burning in nose, mouth, throat, bladder and skin. Sensation of glowing heat on different parts of the body.", 
  "dosage": "Third potency."
}