{
  "symptoms": {
    "Female": [
      "Amenorrhoea, with burning pains from back to pubis", 
      "Leucorrhoea, with erosions of cervix, bleeding easily"
    ], 
    "Skin": [
      "Use locally", 
      "Enlarged sub-maxiliary glands", 
      "Eczema, prurigo", 
      "Poison-oak", 
      "Purpura hemorrhagica", 
      "Chronic herpes"
    ]
  }, 
  "details": "Has some reputation as a remedy for skin affections, glandular enlargements, and indigestion from imperfect secretion of gastric juice. It stimulates nutrition, and thus acts favorably upon strumous disorders, enlarged glands, etc. Ulcerated mucous membranes of mouth and throat. Fingers covered by crust caused by pustules, disagreeable odor. Indigestion from imperfect secretion of gastric juice.", 
  "Common names": "Red Alder", 
  "name": "Alnus", 
  "dosage": "Tincture to third potency."
}