{
  "symptoms": {
    "Heart": [
      "Pains in cardiac region", 
      "Functional disturbances, tachycardia"
    ]
  }, 
  "details": "A remedy for nervous, hysterical people, suffering with neuralgia headaches and insomnia. In neuralgia, gastric disturbance and great nervous agitation. Insomnia especially during pregnancy and menopause. Feeble, hysterical nervous patients. Violent neuralgia, with great nervous agitation. Great nervous erethism is always present.", 
  "Common names": "Valerianate of Ammonia", 
  "name": "Ammonium valerianicum", 
  "dosage": "Lower triturations."
}