{
  "name": "Ammoniacum dorema", 
  "Relationship": "Antidotes: Bry.; Arnica. Compare: Senega.; Tart. emet.; Balsam Peru.", 
  "Common names": "Gum Ammoniac", 
  "symptoms": {
    "Eyes": [
      "Easily fatigued from reading", 
      "Stars and fiery points float before eyes", 
      "Dim sight"
    ], 
    "Respiratory": [
      "Difficult breathing", 
      "Large accumulation of purulent matter and feeble expectoration; worse cold weather", 
      "Chronic bronchial catarrh", 
      "Heart beats stronger, extends to pit of stomach", 
      "Coarse rattling of chest in old people", 
      "Mucus tough and hard"
    ], 
    "Head": [
      "Catarrhal headache due to closure of frontal sinuses"
    ], 
    "Throat": [
      "Throat dry; worse inhaling fresh air", 
      "Immediately after eating, sensation as if something stuck in oesophagus, causing swallowing", 
      "Full feeling, burning and scraping sensation"
    ]
  }, 
  "details": "A remedy for the aged and feeble, especially in chronic bronchitis. Ill humor. Sensitive to cold. Sensation of burning and scratching in neck and oesophagus.", 
  "dosage": "Third trituration."
}