{
  "name": "Anacardium", 
  "Relationship": "Antidote: Grindeleia; Coffea; Juglans; Rhus; Eucalyptus. Compare: Anacard. occidentale (cashew nut) (erysipelas, vesicular facial eruptions), anaesthetic variety of leprosy; warts, corns, ulcers, cracking of the skin on soles of feet). Rhus.; Cypriped.; Chelidonium.; Xerophyl. ' Platina follows well. Cereus serpentina (swearing).", 
  "Modalities": [
    "Worse: on application of hot water", 
    "Better: from eating", 
    "Better: when lying on side", 
    "Better: from rubbing"
  ], 
  "Common names": "Marking Nut", 
  "symptoms": {
    "Head": [
      "Pressing pain, as from a plug; worse after mental exertion - in forehead; occiput, temples, vertex; better during a meal", 
      "Vertigo", 
      "Itching and little boils on scalp"
    ], 
    "Stomach": [
      "Weak digestion, with fullness and distention", 
      "Empty feeling in stomach", 
      "Eructation, nausea, vomiting", 
      "Apt to choke when eating or drinking", 
      "Swallows food and drinks hastily", 
      "Eating relieves anacardium dyspepsia"
    ], 
    "Abdomen": [
      "Pain as if dull plug were pressed into intestines", 
      "Rumbling, pinching, and griping"
    ], 
    "Mouth": [
      "Painful vesicles; fetid odor", 
      "Burning around lips as from pepper", 
      "Tongue feels swollen, impeding speech and motion, with saliva in mouth"
    ], 
    "Rectum": [
      "Itching at anus; moisture from rectum", 
      "Painful hemorrhoids", 
      "Hemorrhage during stool", 
      "Bowels inactive", 
      "Ineffectual desire; rectum seems powerless, as if plugged up; spasmodic constriction of sphincter ani; even soft stool passes with difficulty"
    ], 
    "Respiratory": [
      "Cough excited by talking, in children, after fit of temper", 
      "Cough after eating with vomiting of food and pain in occiput", 
      "Oppression of chest, with internal heat and anxiety, driving him into open air", 
      "Pressure in chest, as from a dull plug"
    ], 
    "Eyes": [
      "Objects appear too far off", 
      "Indistinct vision", 
      "Pressure like a plug on upper orbit"
    ], 
    "Face": [
      "Pale", 
      "Blue rings around eyes"
    ], 
    "Nose": [
      "Frequent sneezing", 
      "Coryza with palpitation, especially in the aged", 
      "Sense of smell perverted"
    ], 
    "Male": [
      "Prostatic discharge during stool", 
      "Voluptuous itching; increased desire; seminal emissions without dreams"
    ], 
    "Ears": [
      "Pressing in the ears as from a plug", 
      "Hard of hearing"
    ], 
    "Heart": [
      "Palpitation, with weak memory, with coryza in the aged; stitches in heart region", 
      "Rheumatic pericarditis with double stitches"
    ], 
    "Mind": [
      "Suspicious", 
      "Anxiety when walking, as if pursued", 
      "Profound melancholy and hypochondriasis, with tendency to use violent language", 
      "Hallucinations; thinks he is possessed of two persons or wills", 
      "Malicious; seems bent on wickedness", 
      "Very easily offended", 
      "Fixed ideas", 
      "Absence of all moral restraint", 
      "Clairaudient, hears voices far away or of the dead", 
      "Brain-fag", 
      "Senile dementia", 
      "Impaired memory", 
      "Lack of confidence in himself or others", 
      "Absent minded"
    ], 
    "Back": [
      "Stiffness at nape of neck", 
      "Dull pressure in the shoulders, as from a weight"
    ], 
    "Sleep": [
      "Spells of sleeplessness lasting for several nights", 
      "Anxious dreams"
    ], 
    "Female": [
      "Leucorrhoea, with soreness and itching", 
      "Menses scanty"
    ], 
    "Skin": [
      "Warts on hands", 
      "Lichen planus; neurotic eczema", 
      "Intense itching eczema, with mental irritability; vesicular eruption; swelling, urticaria; eruption like that of poison-oak", 
      "Ulcer formation on forearm"
    ], 
    "Extremities": [
      "Neuralgia in thumb", 
      "Cramps in calves", 
      "Paralytic weakness", 
      "Pressure as from a plug in the glutei", 
      "Fingers swollen with vesicular eruption", 
      "Knees feel paralyzed or bandaged", 
      "Warts on palms of hands"
    ]
  }, 
  "details": "The Anacardium patient is found mostly among the neurasthenics; such have a type of nervous dyspepsia, relieved by food; IMPAIRED MEMORY, depression, and irritability; diminution of senses (smell, sight, hearing). Syphilitic patients often suffer with these conditions. Intermittency of symptoms. Fear of examination in students. Weakening of all senses, sight, hearing, etc. Aversion to work; lacks self-confidence; irresistible desire to swear and curse. SENSATION OF A PLUG in various parts - eyes, rectum, bladder, etc.; also of a band. Empty feeling in stomach; EATING TEMPORARILY RELIEVES ALL DISCOMFORT. This is a sure indication, often verified. Its skin symptoms are similar to Rhus, and it has proved a valuable antidote to Poison-Oak.", 
  "dosage": "Sixth to two hundredth potency."
}