{
  "name": "Arnica", 
  "Relationship": "Antidotes: Camph. Vitex trifolia - Indian Arnica. (Sprains and pains, headache in temples, pain in joints; pain in abdomen; pain in testicles.) Complementary: Acon.; Ipec. Compare: Acon.; Bapt.; Bellis; Hemamellis; Rhus; Hypericum.", 
  "Modalities": [
    "Worse: least touch; motion; rest; wine; damp cold", 
    "Better: lying down", 
    "Better: or with head low"
  ], 
  "Common names": "Leopard's Bane", 
  "symptoms": {
    "Urine": [
      "Dark brick-red sediment", 
      "Retained from over-exertion", 
      "Vesical tenesmus with very painful micturition"
    ], 
    "Stool": [
      "Dysenteric stools with muscular pains", 
      "Straining of tenesmus in diarrhea", 
      "Diarrhoea of consumption; worse lying on left side", 
      "Offensive, brown, bloody, putrid, involuntary", 
      "Must lie down after every stool", 
      "Looks like brown yeast"
    ], 
    "Head": [
      "Scalp feels contracted", 
      "Hot, with cold body; confused; sensitiveness of brain, with sharp, pinching pains", 
      "Chronic vertigo; objects whirl about especially when walking", 
      "Cold spot on forehead"
    ], 
    "Fever": [
      "Nightly sour sweats", 
      "Shivering over whole body", 
      "Heat and redness of head, with coolness of rest of body", 
      "Febrile symptoms closely related to typhoid", 
      "Internal heat; feet and hands cold"
    ], 
    "Stomach": [
      "Oppressive gases pass upward and downward", 
      "Pain in stomach during eating", 
      "Longing for vinegar", 
      "Repletion with loathing", 
      "Vomiting of blood", 
      "Canine hunger", 
      "Distaste for milk and meat", 
      "Feeling as if stomach were pressing against spine", 
      "Fetid vomiting", 
      "Pressure as from a stone"
    ], 
    "Abdomen": [
      "Sharp thrusts through abdomen", 
      "Stitches under false ribs", 
      "Distended; offensive flatus"
    ], 
    "Mouth": [
      "Dry and thirsty", 
      "Taste as from bad eggs", 
      "Empyema of maxillary sinus", 
      "Soreness of gums after teeth extraction", 
      "Fetid breath", 
      "Bitter taste"
    ], 
    "Respiratory": [
      "All bones and cartilage of chest painful", 
      "Hoarseness from overuse of voice", 
      "Raw, sore feeling in morning", 
      "Violent, spasmatic cough with facial herpes", 
      "Dyspnoea with hemoptysis", 
      "Acute tonsillitis, swelling of soft palate and uvula", 
      "Whooping cough, child cries before coughing", 
      "Coughs depending on cardiac lesion, paroxysmal, at night, during sleep, worse exercise", 
      "Pleurodynia", 
      "Bloody expectoration", 
      "Cough produced by weeping and lamenting", 
      "Pneumonia; approaching paralysis", 
      "Dry, from tickling low down in trachea"
    ], 
    "Eyes": [
      "Diplopia from traumatism, muscular paralysis, retinal hemorrhage", 
      "Dizzy on closing them", 
      "Feel tired and weary after sight-seeing, moving pictures, etc.", 
      "Bruised, sore feeling in eyes after close work", 
      "Must keep eyes open"
    ], 
    "Face": [
      "Heat in lips", 
      "Sunken; very red", 
      "Herpes"
    ], 
    "Nose": [
      "Nose feels sore; cold", 
      "Bleeding after every fit of coughing, dark fluid blood"
    ], 
    "Ears": [
      "Blood from ears", 
      "Shooting in and around ears", 
      "Dullness of hearing after concussion", 
      "Noises in ear caused by rush of blood to the head", 
      "Pain in cartilage of ears as if bruised"
    ], 
    "Heart": [
      "Stitches in heart", 
      "Pulse feeble and irregular", 
      "Extremities distended, feel bruised and sore", 
      "Fatty heart and hypertrophy", 
      "Angina pectoris; pain especially severe in elbow of left arm", 
      "Cardiac dropsy with distressing dyspnoea"
    ], 
    "Mind": [
      "Unconscious; when spoken to answers correctly, but relapses", 
      "Nervous; cannot bear pain; whole body oversensitive", 
      "After mental strain or shock", 
      "Indifference; inability to perform continuous active work; morose, delirious", 
      "Says there is nothing the matter with him", 
      "Wants to be let alone", 
      "Agoraphobia", 
      "Fears touch, or the approach of anyone"
    ], 
    "Sleep": [
      "Comatose drowsiness; awakens with hot head; dreams of death, mutilated bodies, anxious and terrible", 
      "Involuntary stools during sleep", 
      "Sleepless and restless when overtired", 
      "Horrors in the night"
    ], 
    "Female": [
      "Mastitis from injury", 
      "Uterine hemorrhage from mechanical injury after coition", 
      "Violent after-pains", 
      "Sore nipples", 
      "Feeling as if foetus were lying crosswise", 
      "Bruised parts after labor"
    ], 
    "Skin": [
      "Ecchymosis", 
      "Bed sores", 
      "Acne indurata, characterized by symmetry in distribution", 
      "Itching, burning, eruption of small pimples", 
      "Crops of small boils", 
      "Black and blue"
    ], 
    "Extremities": [
      "Gout", 
      "Cannot walk erect, on account of bruised pain in pelvic region", 
      "Everything on which he lies seems too hard", 
      "Pain in back and limbs, as if bruised or beaten", 
      "Great fear of being touched or approached", 
      "Sprained and dislocated feeling", 
      "Rheumatism begins low down and works up", 
      "Soreness after overexertion", 
      "Deathly coldness of forearm"
    ]
  }, 
  "details": "Produces conditions upon the system quite similar to those resulting from injuries, falls, blows, contusions. Tinnitus aurium. PUTRID PHENOMENA. Septic conditions; prophylactic of pus infection. Apoplexy, red, full face. It is especially suited to cases when any injury, however remote, seems to have caused the present trouble. AFTER TRAUMATIC INJURIES, overuse of any organ, strains. Arnica is disposed to cerebral congestion. Acts best in plethoric, feebly in debilitated with impoverished blood, cardiac dropsy with dyspnoea. A muscular tonic. Traumatism of grief, remorse or sudden realization of financial loss. Limbs and body ache as if beaten; joints as if sprained. Bed feels too hard. Marked effect on the blood. Affects the venous system inducing stasis. Ecchymosis and Hemorrhages. Relaxed blood vessels, black and blue spots. Tendency to hemorrhage and low-fever states. Tendency to tissue degeneration, septic conditions abscesses that do not mature. SORE, LAME, BRUISED FEELING. Neuralgias originating in disturbances of pneumogastric. Rheumatism of muscular and tendinous tissue, especially of back and shoulders. Aversion to tobacco. INFLUENZA. Thrombosis. Haematocele.", 
  "dosage": "Third to thirtieth potency. Locally, the tincture, but should never be applied HOT or at all when abrasions or cuts are present."
}