{
  "symptoms": {
    "Face": [
      "Acne in young people", 
      "Acme rosacea, with violet papules on nose; worse in the spring"
    ]
  }, 
  "details": "Has proven a great anti-psoric and anti-syphilitic remedy. Herpetic eruptions, syphilitic excrescences, glandular tumors and indurations, carcinoma, locomotor ataxia, and obstinate intermittents, and DIABETES are all greatly influenced by this preparation.", 
  "Common names": "Bromide of Arsenic", 
  "name": "Arsenicum bromatum", 
  "dosage": "Tincture, two to four drops daily in water. In diabetes, three drops three times a day in a glass of water."
}