{
  "name": "Artemisia vulgaris", 
  "Relationship": "Compare: Absinth.; Cina; Cicuta.", 
  "Common names": "Mugwort", 
  "symptoms": {
    "Eyes": [
      "Pain and burning of vision; better, rubbing; worse, using eyes", 
      "Colored light produces dizziness"
    ], 
    "Fever": [
      "Profuse sweat; smelling like garlic"
    ], 
    "Head": [
      "Mouth drawn to left", 
      "Drawn back by spasmodic twitchings", 
      "Congestion of brain"
    ], 
    "Female": [
      "Violent uterine contractions", 
      "Spasms during menses", 
      "Profuse menses"
    ]
  }, 
  "details": "Has some reputation as a remedy for epileptic conditions, and convulsive diseases of childhood and girls at puberty. Locally and internally is injurious to eyes. PETIT MAL. Epilepsy without aura; after fright and other violent emotions and after masturbation. Several convulsions close together. Somnambulism. Gets up at night and works, remembers nothing in the morning. (Kali-phos.)", 
  "dosage": "First to third potency. Said to act better when given with wine."
}