{
  "name": "Asafoetida", 
  "Relationship": "Antidotes: China; Mercur. Compare: Moschus; China; Mercur; Aurum", 
  "Modalities": [
    "Worse: at night; from tough; left side", 
    "Worse: during rest", 
    "Worse: warm applications", 
    "Better: open air; from motion", 
    "Better: pressure"
  ], 
  "Common names": "Gum of the Stinkasand", 
  "symptoms": {
    "Eyes": [
      "Superficial corneal ulcer with digging pains; worse at night", 
      "Orbital neuralgia; better, pressure and rest", 
      "Syphilitic iritis", 
      "Stitches under left frontal eminences", 
      "Iritis and intraocular inflammations, with boring, throbbing pains at night", 
      "Boring pains in and around eyes"
    ], 
    "Stomach": [
      "Violent gastralgia; cutting and burning in stomach and region of diaphragm", 
      "Gurgling and rolling of wind, which escapes afterwards with loud and difficult eructation", 
      "Hysterical flatulence", 
      "Sensation of emptiness and weakness, with distention and beating in stomach and abdomen", 
      "Great difficulty in bringing up wind", 
      "Forcible eructation of gas", 
      "Pulsation in pit of stomach", 
      "Great distention", 
      "Flatulence and regurgitation of liquid"
    ], 
    "Head": [
      "Boring above eyebrows", 
      "Irritable; complains of her troubles; sensitive", 
      "Pressive pain from within outward"
    ], 
    "Chest": [
      "Palpitation more like a tremor", 
      "Spasmodic tightness, as if lungs could not be fully expanded"
    ], 
    "Throat": [
      "Ball rises in throat", 
      "Sensation as if peristaltic motion were reversed, and oesophagus were driven from stomach to throat", 
      "Globus hystericus"
    ], 
    "Nose": [
      "Syphilitic ozaena, with very offensive purulent discharge", 
      "Caries of nasal bones"
    ], 
    "Female": [
      "Mammae turgid with milk in the nonpregnant", 
      "Deficient milk, with over-sensitiveness"
    ], 
    "Skin": [
      "Suppressed skin symptoms produce nervous disorders", 
      "Itching, better scratching; ulcers painful on edges"
    ], 
    "Bones": [
      "Ulcers affecting bones; thin, ichorous pus", 
      "Darting pain and caries in bones", 
      "Periosteum painful, swollen, enlarged"
    ], 
    "Rectum": [
      "Pain in perineum, as if something dull pressed out", 
      "Obstinate constipation", 
      "Diarrhea, extremely offensive, with meteorism, and regurgitation of food", 
      "Distended, griping, with hunger"
    ], 
    "Ears": [
      "Offensive otorrhoea, with boring pains in mastoid bone", 
      "Mastoid disease with pain in temporal region with pushing out sensation", 
      "Offensive, purulent discharge"
    ]
  }, 
  "details": "The flatulence and spasmodic contraction of stomach and oesophagus with reverse peristalsis are the most marked symptoms. In its selection, its relation to the hysterical and hypochondriacal patients, must be borne in mind. Besides these superficial symptoms, it has been found to affect favorably deep ulcerations, caries of bones, especially in the syphilitic organism; here the EXTREME SENSITIVENESS and terrible throbbing, nightly pains, guiding to its use.", 
  "dosage": "Second to sixth potency."
}