{
  "name": "Asclepias syriaca", 
  "Relationship": "Compare: Asclepias Vincetoxicum. Swallow-wart - Cynanchum - (A gastrointestinal irritant, producing vomiting and purgation. - (Useful in dropsy, diabetes, great thirst, profuse urination.", 
  "Common names": "Asclepias Cornuti Silk weed", 
  "symptoms": {
    "Head": [
      "Headache from retention of effete matters in system", 
      "Feels as if a sharp instrument were thrust through from temple to temple", 
      "Nervous headache, after suppressed perspiration, followed by increased urine, with increase of specific gravity", 
      "Constriction across forehead"
    ]
  }, 
  "details": "Seems to act especially on nervous system and urinary organs. A remedy for dropsy, hepatic, renal or cardiac and post-scarlatinal; causes diaphoresis and augments the urinary secretion. Acute rheumatic inflammation of large joints. Intermittent, pressing-down uterine pains.", 
  "dosage": "Tincture."
}