{
  "name": "Astralagus mollisimus", 
  "Relationship": "Compare: Aragallus Lamberti - White Loco-Weed - Rattle weed; Baryta; Oxytropis.", 
  "Common names": "Purple or Woolly Loco-Weed", 
  "symptoms": {
    "Head": [
      "Painful facial bones", 
      "Fullness in right temple and upper jaw", 
      "Pressive pain in temples", 
      "Dizzy", 
      "Pain over left eyebrow", 
      "Pain and pressure in maxillae"
    ], 
    "Stomach": [
      "Burning in oesophagus and stomach", 
      "Weakness and emptiness"
    ], 
    "Extremities": [
      "Icy coldness of left calf", 
      "Purring sensation in right foot outer side from heel to toe"
    ]
  }, 
  "details": "Affects animals like effects of alcohol, tobacco and morphine in man. First stage, period of hallucination or mania with defective eye sight during which the animal performs all sorts of antics. After acquiring a taste for the plant it refuses every other kind of food. Second stage brings emaciation, sunken eyeballs, lusterless hair and feeble movements - after a few months dies from starvation. (U. S. Dept. Agriculture.) Irregularities in gait - paralytic affections. Loss of muscular co-ordination.", 
  "dosage": "Sixth potency."
}