{
  "symptoms": {
    "Head": [
      "Forgetful; giddy on rising; head aches, scalp sensitive; eyes burn, pain in right eyeball"
    ], 
    "Fever": [
      "Slight chill, afternoon fever, glowing heat in face, hands, and feet, copious sweat on upper part of body"
    ]
  }, 
  "Common names": "Margosa Bark", 
  "name": "Azadirachta indica", 
  "Relationship": "Compare: Cedron; Nat. mur.; Arsenic.", 
  "details": "An afternoon fever and rheumatic pains in various parts are caused by this remedy. Pain in sternum and ribs, in back and shoulders and extremities; heat, pricking and aching in hands, especially palms, fingers also toes."
}