{
  "name": "Baptisia", 
  "Relationship": "Compare: BRYONIA and ARSENIC may be needed to complete the favorable reaction. AILANTHUS differs, being more painful. Baptisia more painless. Rhus; Muriat. acid; Arsenic; Bryon.; Arnica; Echinac. Pyrogen. Baptisia confusia. (Pain in right jaw and oppression in left hypochondrium, producing dyspnoea and necessity to assume erect position.)", 
  "Common names": "Wild Indigo", 
  "symptoms": {
    "Head": [
      "Vertigo; pressure at root of nose", 
      "Eyelids heavy", 
      "Soreness of eyeballs", 
      "Feels too large, heavy, numb", 
      "Brain feels sore", 
      "Skin of forehead feels tight; seems drawn to back of head", 
      "Confused, swimming feeling", 
      "Stupor; falls asleep while spoken to", 
      "Early deafness in typhoid conditions"
    ], 
    "Fever": [
      "Typhus fever", 
      "Shipboard fever", 
      "Chill, with rheumatic pains and soreness all over body", 
      "Chill about eleven am adynamic fevers", 
      "Heat all over, with occasional chills"
    ], 
    "Stomach": [
      "Cardiac orifice contracted convulsively and ulcerative inflammation of stomach and bowels", 
      "All symptoms worse from beer", 
      "Can swallow only liquids, vomiting due to spasm of oesophagus", 
      "Feeling of hard substance", 
      "Gastric fever", 
      "Sinking feeling at stomach", 
      "Constant desire for water", 
      "No appetite", 
      "Pain in epigastric region"
    ], 
    "Back and Extremities": [
      "Sore and bruised", 
      "Neck tired", 
      "Stiffness and pain, aching and drawing in arms and legs", 
      "Pain in sacrum, around hips and legs", 
      "Decubitus"
    ], 
    "Mind": [
      "Perfect indifference", 
      "Thinks he is broken or double, and tosses about the bed trying to get pieces together", 
      "Delirium, wandering, muttering", 
      "Melancholia, with stupor", 
      "Illusion of divided personality", 
      "Inability to think", 
      "Ideas confused", 
      "Falls asleep while being spoken to", 
      "Wild, wandering feeling", 
      "Mental confusion"
    ], 
    "Abdomen": [
      "Stools very offensive, thin, dark, bloody", 
      "Distended and rumbling", 
      "Soreness over region of gall-bladder, with diarrhoea", 
      "Right side markedly affected", 
      "Soreness of abdomen, in region of liver", 
      "Dysentery of old people"
    ], 
    "Respiratory": [
      "Lungs feel compressed, breathing difficult; seeks open window", 
      "Constriction of chest", 
      "Fears going to sleep on account of nightmare and sense of suffocation"
    ], 
    "Sleep": [
      "Nightmare and frightful dreams", 
      "Falls asleep while answering a question", 
      "Sleepless and restless", 
      "Cannot get herself together, feels scattered about bed"
    ], 
    "Female": [
      "Threatened miscarriage from mental depression, shock, watching, low fevers", 
      "Puerperal fever", 
      "Menses too early, too profuse", 
      "Lochia acrid, fetid"
    ], 
    "Skin": [
      "Burning and heat in skin", 
      "Livid spots all over body and limbs", 
      "Putrid ulcers with stupor, low delirium and prostration"
    ], 
    "Throat": [
      "Great difficulty in swallowing solid food", 
      "Constriction, contraction of oesophagus", 
      "Contraction at cardiac orifice", 
      "Dark redness of tonsils and soft palate", 
      "Painless sore throat, and offensive discharge"
    ], 
    "Mouth": [
      "Breath fetid", 
      "Tongue feels burned; yellowish-brown; edges red and shining", 
      "Dry and brown in center, with dry and glistening edges; surface cracked and sore", 
      "Taste flat, bitter", 
      "Can swallow liquids only; least solid food gags", 
      "Teeth and gums sore, ulcerated"
    ], 
    "Face": [
      "Muscles of jaw rigid", 
      "Dark red", 
      "Besotted look", 
      "Pain at root of nose"
    ]
  }, 
  "details": "The symptoms of this drug are of an asthenic type, simulating low fevers, SEPTIC CONDITIONS of the blood, malarial poisoning, and extreme prostration. Indescribable sick feeling. GREAT MUSCULAR SORENESS AND PUTRID PHENOMENA ALWAYS ARE PRESENT. All the secretions are offensive - breath, stool, urine, sweat, etc. Epidemic influenza. Chronic intestinal toxaemia of children with fetid stools and eructations. Baptisia in low dilutions produces a form of anti-bodies to the Bac. typhosus, viz., the agglutinins. (Mellon.) Thus it raises the natural bodily resistance to the invasion of the bacillary intoxication, which produces the typhoid syndrome. Typhoid carriers. After inoculation with anti-typhoid serum. Intermittent pulse, especially in the aged.", 
  "dosage": "Tincture, to twelfth attenuation. Has rather short action."
}