{
  "name": "Belladonna", 
  "Relationship": "Compare: Sanguisorba officinalis 2x - 6x, a member of the Rosaceae family, (Profuse, long-lasting menses, especially in nervous patients with congestive symptoms to head and limbs. Passive Hemorrhages at climacteric. Chronic metritis. Hemorrhage from lungs. Varices and ulcers). Mandragora - (Mandrake). A narcotic of the ancients - Restless excitability and bodily weakness. Desire for sleep. Has antiperiodic properties like China and Aranea. Useful in epilepsy and hydrophobia, also Cetonia (A. E. alvine). Hyos. (less fever, more agitation); Stram. (more sensorial excitement, frenzy); Hoitzia - A Mexican drug, similar in action to Bellad. (Useful in fever, scarlatinal eruption, measles, urticaria, etc. High fever with eruptive fevers. Dry mouth and throat, red face, injected eyes, delirium.) Calcar is often required after Bell.; Atropia. Alkaloid of Belladonna covers more the neurotic sphere of the Belladonna action. (Great dryness of throat, almost impossible to swallow. Chronic stomach affections, with great pain and vomiting of all food. Peritonitis. All kinds of illusions of sight. Everything appears large. Platina opposite.) Hypochlorhydria; pyrosis. Motes over everything. On reading, words run together; double vision, all objects seem to be elongated. Eustachian tube and tympanic congestion. Affinity for the pancreas. Hyperacidity of stomach. Paroxysms of gastric pain; ovarian neuralgia. Antidotes to Belladonna: Camph.; Coff.; Opium, Acon. Complementary: Calc. Bellad. (Contains lime). Especially in semi-chronic and constitutional diseases. Incompatible: Acet-ac.", 
  "Modalities": [
    "Worse: touch", 
    "Worse: jar", 
    "Worse: noise", 
    "Worse: draft", 
    "Worse: after noon", 
    "Worse: lying down", 
    "Better: semi-erect"
  ], 
  "Common names": "Deadly Nightshade", 
  "symptoms": {
    "Urine": [
      "Incontinence, continuous dropping", 
      "Sensation of motion in bladder as of a worm", 
      "Vesical region sensitive", 
      "Acute urinary infections", 
      "Frequent and profuse", 
      "Hematuria where no pathological condition can be found", 
      "Prostatic hypertrophy", 
      "Urine scanty, with tenesmus; dark and turbid, loaded with phosphates", 
      "Retention"
    ], 
    "Head": [
      "Boring of head into pillow; drawn backward and rolls from side to side", 
      "Constant moaning", 
      "Hair splits; is dry and comes out", 
      "Much throbbing and heat", 
      "Pain; fullness, especially in forehead, also occiput, and temples", 
      "Headache worse on right side and when lying down; ill effects, colds, etc.; from having hair cut", 
      "Palpitation reverberating in head with labored breathing", 
      "Pain worse light, noise, jar lying down and in afternoon; better by pressure and semi-erect posture", 
      "Sudden outcries", 
      "Vertigo, with falling to left side or backwards", 
      "Headache from suppressed catarrhal flow", 
      "Sensitive to least contact"
    ], 
    "Fever": [
      "Feet icy cold", 
      "No thirst with fever", 
      "A high feverish state with comparative absence of toxaemia", 
      "Superficial blood-vessels, distended", 
      "Perspiration dry only on head", 
      "Burning, pungent, steaming, heat"
    ], 
    "Stomach": [
      "Uncontrollable vomiting", 
      "Loss of appetite", 
      "Abhorrence of liquids", 
      "Aversion to meat and milk", 
      "Spasms of stomach", 
      "Dread of drinking", 
      "Spasmodic hiccough", 
      "Nausea and vomiting", 
      "Empty retching", 
      "Great thirst for cold water", 
      "Constriction; pain runs to spine", 
      "Spasmodic pain in epigastrium"
    ], 
    "Abdomen": [
      "Tender, swollen", 
      "Shuddering during stool", 
      "Cutting pain across; stitches in left side of abdomen, when coughing, sneezing, or touching it", 
      "Piles more sensitive with backache", 
      "Stools", 
      "Distended, hot", 
      "Stinging pain in rectum; spasmodic stricture", 
      "Prolapsus ani", 
      "Extreme sensitiveness to touch, bed-clothes, etc. thin, green, dysenteric; in lumps like chalk", 
      "Transverse colon protrudes like a pad", 
      "Pain as if clutched by a hand; worse, jar, pressure"
    ], 
    "Mouth": [
      "Dry", 
      "Stammering", 
      "Throbbing pain in teeth", 
      "Tongue red on edges", 
      "Grinding of teeth", 
      "Gumboil", 
      "Strawberry tongue", 
      "Tongue swollen and painful"
    ], 
    "Respiratory": [
      "Larynx very painful; feels as if a foreign body were in it, with cough", 
      "Moaning at every breath", 
      "Cough with pain in left hip", 
      "Barking cough, whooping cough, with pain in stomach before attack, with expectoration of blood", 
      "Larynx feels sore", 
      "Stitches in chest when coughing", 
      "Cheyne-stokes respiration  hoarse; loss of voice", 
      "High piping voice", 
      "Painless hoarseness", 
      "Drying in nose, fauces, larynx, and trachea", 
      "Tickling, short, dry cough; worse at night", 
      "Respiration oppressed, quick, unequal"
    ], 
    "Eyes": [
      "Diplopia, squinting, spasms of lids", 
      "Exophthalmus", 
      "Throbbing deep in eyes on lying down", 
      "Eyelids swollen", 
      "Ocular illusions; fiery appearance", 
      "Pupils dilated", 
      "Eyes feel swollen and protruding, staring, brilliant; conjunctiva red; dry, burn; photophobia; shooting in eyes", 
      "Sensation as if eyes were half closed", 
      "Fundus congested"
    ], 
    "Face": [
      "Swelling of upper lip", 
      "Facial neuralgia with twitching muscles and flushed face", 
      "Red, bluish-red, hot, swollen, shining; convulsive motion of muscles of face"
    ], 
    "Nose": [
      "Imaginary odors", 
      "Coryza; mucus mixed with blood", 
      "Bleeding of nose, with red face", 
      "Red and swollen", 
      "Tingling in tip of nose"
    ], 
    "Male": [
      "Testicles hard, drawn up, inflamed", 
      "Nocturnal sweat of genitals", 
      "Desire diminished", 
      "Flow of prostatic fluid"
    ], 
    "Ears": [
      "Acute and sub-acute conditions of eustachian tube", 
      "Child cries out in sleep; throbbing and beating pain deep in ear, synchronous with heart beat", 
      "Sensitive to loud tones", 
      "Membrana tympani bulges and injected", 
      "Otitis media", 
      "Hematoma auris", 
      "Pain causes delirium", 
      "Hearing very acute", 
      "Tearing pain in middle and external ear", 
      "Auto phony - hearing one's voice in ear", 
      "Humming noises", 
      "Parotid gland swollen"
    ], 
    "Heart": [
      "Rapid but weakened pulse", 
      "Violent palpitation, reverberating in head, with labored breathing", 
      "Dicrotism", 
      "Palpitation from least exertion", 
      "Seems too large", 
      "Throbbing all through body"
    ], 
    "Mind": [
      "He is acutely alive and crazed by a flood of subjective visual impressions and fantastic illusions", 
      "Delirium; frightful images; furious; rages, bites, strikes; desire to escape", 
      "Patient lives in a world of his own, engrossed by spectres and visions and oblivious to surrounding realities", 
      "Disinclined to talk", 
      "Perversity, with tears", 
      "Acuteness of all senses", 
      "Hallucinations; sees monsters, hideous faces", 
      "Changeableness", 
      "While the retina is insensible to actual objects, a host of visual hallucinations throng about him and come to him from within", 
      "Loss of consciousness"
    ], 
    "Back": [
      "Stiff neck", 
      "Pressure on dorsal region most painful", 
      "Pain in nape, as if it would break", 
      "Lumbago, with pain in hips and thighs", 
      "Swelling of glands of neck"
    ], 
    "Sleep": [
      "Staring when closing the eyes of during sleep", 
      "Screams out in sleep", 
      "Sleeplessness, with drowsiness", 
      "Restless, crying out, gritting of teeth", 
      "Sleeps with hands under head", 
      "Kept awake by pulsation of blood-vessels"
    ], 
    "Female": [
      "Mastitis pain, throbbing, redness, streaks radiate from nipple", 
      "Breasts feel heavy; are hard and red", 
      "Badly smelling hemorrhages, hot gushes of blood", 
      "Diminished lochia", 
      "Tumors of breast, pain worse lying down", 
      "Sensitive forcing downwards, as if all the viscera would protrude at genitals", 
      "Cutting pain from hip to hip", 
      "Hemorrhage hot", 
      "Dragging around loins", 
      "Menses and lochia very offensive and hot", 
      "Menses increased; bright red, too early, too profuse", 
      "Pain in sacrum", 
      "Dryness and heat of vagina", 
      "Labor-pains come and go suddenly"
    ], 
    "Skin": [
      "Erysipelas", 
      "Alternate redness and paleness of the skin", 
      "Suppurative wounds", 
      "Dry and hot; swollen, sensitive; burns scarlet, smooth", 
      "Acne rosacea", 
      "Erythema; pustules on face", 
      "Eruption like scarlatina, suddenly spreading", 
      "Glands swollen, tender, red", 
      "Boils", 
      "Indurations after inflammation"
    ], 
    "Throat": [
      "Oesophagus dry; feels contracted", 
      "Muscles of deglutition very sensitive", 
      "Scraping sensation", 
      "Spasms in throat", 
      "Tonsils enlarged; throat feels constricted; difficult deglutition; worse, liquids", 
      "Continual inclination to swallow", 
      "Hypertrophy of mucous membrane", 
      "Dry, as if glazed; angry-looking congestion ; red worse on right side", 
      "Sensation of a lump"
    ], 
    "Extremities": [
      "Phlegmasia alba dolens", 
      "Jerking limbs", 
      "Tottering gait", 
      "Cold extremities", 
      "Shifting rheumatic pains", 
      "Joints swollen, red, shining, with red streaks radiating", 
      "Involuntary limping", 
      "Shooting pains along limbs", 
      "Spasms"
    ]
  }, 
  "details": "Belladonna acts upon every part of the nervous system, producing active congestion, furious excitement, perverted special senses, twitching, convulsions and pain. It has a marked action on the vascular system, skin and glands. Belladonna always is associated with hot, red skin, flushed face, glaring eyes, throbbing carotids, excited mental state, hyperaesthesia of all senses, delirium, restless sleep, convulsive movements, dryness of mouth and throat with aversion to water, NEURALGIC PAINS that come and go suddenly. (Oxytropis.) HEAT, REDNESS, THROBBING AND BURNING. GREAT CHILDREN'S REMEDY. Epileptic spasms followed by nausea and vomiting. SCARLET FEVER and also prophylactic. Here use the thirtieth potency. EXOPHTHALMIC GOITRE. Corresponds to the symptoms of \"air-sickness\" in aviators. Give as preventive. NO THIRST, ANXIETY OF FEAR. Belladonna stands for VIOLENCE of attack and SUDDENNESS of onset. Bell. for the extreme of thyroid toxaemia. Use 1x (Beebe).", 
  "dosage": "First to thirtieth potency and higher. Must be repeated frequently in acute diseases. Non-Homeopathic Uses. Atropia and its salts are used for ophthalmic purposes, to dilate the pupil and paralyze the accommodation. Given internally or hypodermically, it is antagonistic to Opium and Morphine. Physostigma and Prussic Acid. Narcotic poisons and mushroom poisoning. Renal colic 1-200 of a grain hypodermically. Atropine injected subcutaneously in doses from a milligram upwards for intestinal obstruction threatening life. Hypodermically 1-80 gr. night sweats in phthisis. Atropia 1-20 gr. is antagonistic to 1 gr. Morphine. Also used as a local anaesthetic, antispasmodic, and to dry up secretions, milk, etc. Hypodermically 1-80 gr. night sweats in phthisis."
}