{
  "name": "Bryonia", 
  "Relationship": "Complementary: Upas when Bryonia fails. Rhus; Alumina. Illecebrum. A Mexican drug. - (Fever with catarrhal symptoms, gastric and typhoid fever symptoms.) Antidotes: Acon.; Cham.; Nux. Compare: Asclep. tub.; Kali-mur.; Ptelea.", 
  "Modalities": [
    "Worse: warmth", 
    "Worse: any motion", 
    "Worse: morning", 
    "Worse: eating", 
    "Worse: hot weather", 
    "Worse: exertion", 
    "Worse: touch", 
    "Better: lying on painful side", 
    "Better: pressure", 
    "Better: rest", 
    "Better: cold things"
  ], 
  "Common names": "Wild Hops", 
  "symptoms": {
    "Urine": [
      "Red, brown, like beer; scanty, hot"
    ], 
    "Head": [
      "Headache becomes seated in occiput", 
      "Drawing in bones towards zygoma", 
      "Vertigo, nausea, faintness on rising, confusion", 
      "Frontal headache, frontal sinuses involved", 
      "Headache; worse on motion, even of eyeballs", 
      "Bursting, splitting headache, as if everything would be pressed out; as if hit by a hammer from within; wore from motion, stooping, opening eyes"
    ], 
    "Fever": [
      "Sour sweat after slight exertion", 
      "Internal heat", 
      "Chill with external coldness, dry cough, stitches", 
      "Pulse full, hard, tense, and quick", 
      "Rheumatic and typhoid marked by gastrohepatic complications", 
      "Easy, profuse perspiration"
    ], 
    "Stomach": [
      "Nausea and faintness when rising up", 
      "Pressure in stomach after eating, as of a stone", 
      "Dyspeptic ailments during summer heat", 
      "Soreness in stomach when coughing", 
      "Worse, warm drinks, which are vomited", 
      "Vomiting of bile and water immediately after eating", 
      "Stomach sensitive to touch", 
      "Sensitiveness of epigastrium to touch", 
      "Abnormal hunger, loss of taste", 
      "Thirst for large drafts"
    ], 
    "Abdomen": [
      "Tenderness of abdominal walls", 
      "Burning pain, stitches; worse, pressure, coughing, breathing", 
      "Stools brown, thick, bloody; worse in morning, from moving, in hot weather, after being heated, from cold drinks, every spell of hot weather", 
      "Constipation; stools hard, dry, as if burnt; seem too large", 
      "Liver region swollen, sore, tensive"
    ], 
    "Mouth": [
      "Dryness of mouth, tongue, and throat, with excessive thirst", 
      "Lips parched, dry, cracked", 
      "Burning in lower lip in old smokers", 
      "Lip swollen, dry, black and cracked", 
      "Tongue coated yellowish, dark brown; heavily white in gastric derangement", 
      "Bitter taste"
    ], 
    "Respiratory": [
      "Coming into warm room excites cough", 
      "Stitches and stiffness in small of back", 
      "Cough, dry, at night; must sit up; worse after eating or drinking, with vomiting, with stitches in chest, and expectoration of rust-colored sputa", 
      "Hoarseness; worse in open air", 
      "Difficult, quick respiration; worse every movement; caused by stitches in chest", 
      "Soreness in larynx and trachea", 
      "From hard water and sudden changes of weather", 
      "Stitches in cardiac region", 
      "Expectoration brick shade, tough, and falls like lumps of jelly", 
      "Tough mucus in trachea, loosened only with much hawking", 
      "Painful stiffness in nape of neck", 
      "Croupous and pleuropneumonia", 
      "Cough, with feeling as if chest would fly to pieces; presses his head on sternum; must support chest", 
      "Frequent desire to take a long breath; must expand lungs", 
      "Heaving beneath the sternum extending towards the right shoulder", 
      "Cough worse by going into warm room", 
      "Dry, hacking cough from irritation in upper trachea"
    ], 
    "Eyes": [
      "Glaucoma", 
      "Sore to touch and when moving them", 
      "Pressing, crushing, aching pain"
    ], 
    "Nose": [
      "Coryza with shooting and aching in the forehead", 
      "Also in the morning, relieving the headache", 
      "Frequent bleeding of nose when menses should appear", 
      "Swelling of tip of nose, feels as if it would ulcerate when touched"
    ], 
    "Ears": [
      "Aural vertigo", 
      "Roaring, buzzing"
    ], 
    "Mind": [
      "Exceedingly irritable; everything puts him out of humor", 
      "Delirium; wants to go home; talks of business"
    ], 
    "Sleep": [
      "Drowsy; starting when falling asleep", 
      "Delirium; busy with business matters and what he had read"
    ], 
    "Female": [
      "Breasts hot and painful, hard", 
      "Intermenstrual pain, with great abdominal and pelvic soreness", 
      "Frequent bleeding of nose at appearance of menses", 
      "Pain in breasts at menstrual period", 
      "Abscess of mammae", 
      "Menses too early, too profuse; worse from motion with tearing pains in legs; suppressed, with vicarious discharge or splitting headache", 
      "Pain in right ovary as if torn, extending to thigh", 
      "Menstrual irregularities, with gastric symptoms", 
      "Ovaritis", 
      "Stitching pains in ovaries on taking a deep inspiration; very sensitive to touch", 
      "Milk fever"
    ], 
    "Skin": [
      "Hair very greasy", 
      "Yellow, pale, swollen, dropsical; hot and painful", 
      "Seborrhoea"
    ], 
    "Throat": [
      "Tough mucus in larynx and trachea, loosened only after much hawking; worse coming into warm room", 
      "Dryness, sticking on swallowing, scraped and constricted"
    ], 
    "Extremities": [
      "Every spot is painful on pressure", 
      "Constant motion of left arm and leg", 
      "Hot swelling of feet", 
      "Joints red, swollen, hot, with stitches and tearing; worse on least movement", 
      "Knees stiff and painful"
    ]
  }, 
  "details": "Acts on all serous membranes and the viscera they contain. Aching in every muscle. The general character OF THE PAIN HERE PRODUCED IS A STITCHING, TEARING; WORSE BY MOTION, BETTER REST. These characteristic stitching pains, greatly aggravated by any motion, are found everywhere, but especially in the chest; worse pressure. MUCOUS MEMBRANES ARE ALL DRY. The Bryonia patient is irritable; has vertigo from raising the head, pressive headache; dry, parched lips, mouth; excessive thirst, bitter taste, sensitive epigastrium, and feeling of a stone in the stomach; stools large, dry, hard; dry cough; rheumatic pains and swellings; dropsical effusions into synovial and serous membranes. Bryonia affects especially the constitution of a robust, firm fiber and dark complexion, with tendency to leanness and irritability. It prefers the right side, the evening, and open air, warm weather after cold days, to manifest its action most markedly. Children dislike to be carried or raised. PHYSICAL WEAKNESS, all-pervading apathy. Complaints apt to develop slowly.", 
  "dosage": "First to twelfth attenuation."
}