{
  "name": "Cajuputum", 
  "Relationship": "Compare: Bovista.; Nux mosch.; Asaf.; Ign.; Bapt.", 
  "Modalities": [
    "Worse: about five am; night"
  ], 
  "Common names": "Oleum Wittnebianum Cajuput Oil", 
  "symptoms": {
    "Head": [
      "As if he could not get himself together", 
      "Feels much enlarged"
    ], 
    "Stomach": [
      "Hiccough, on slightest provocation"
    ], 
    "Abdomen": [
      "Flatulence colic; tympanites", 
      "Urine smells like cat's urine", 
      "Spasmodic cholera", 
      "Nervous distention of bowels"
    ], 
    "Mouth": [
      "Persistent sensation of choking", 
      "Tongue feels swollen, fills whole mouth", 
      "Spasmodic stricture of oesophagus", 
      "Constricted sensation on swallowing solid food"
    ]
  }, 
  "details": "Acts like Oil of Cloves. A remedy for FLATULENCE and affections of the tongue. SENSE OF ENLARGEMENT. Causes copious diaphoresis. Retrodecent gout. Neuralgic affection not inflammatory. Nervous dyspnoea.", 
  "dosage": "First to third potency. (5 drops of oil.)"
}