{
  "name": "Calcarea iodata", 
  "Relationship": "Compare: Agraphis - Bluebell (adenoids with enlarged tonsils). Here Sulph. iod. follows both Agraphis and Calc. iod. Acon. lycoctonum (swelling of glands, Hodgkin's disease). Compare also: Calc. fluor; Sil.; Merc. iod.", 
  "Common names": "Iodide of Lime", 
  "symptoms": {
    "Head": [
      "Polypi of nose and ear", 
      "Light-headed", 
      "Headache while riding against cold wind", 
      "Catarrh; worse at root of nose; sneezing; very little sensation"
    ], 
    "Respiratory": [
      "Chronic cough; pain in chest, difficulty breathing after syphilis and mercurialization", 
      "Hectic fever; green, purulent expectoration", 
      "Croup", 
      "Pneumonia"
    ], 
    "Skin": [
      "Indolem ulcers, accompanying varicose veins", 
      "Copper-colored and papulous eruption, tinea, favus, crusta lactea, swelling of the glands, skin cracked, falling out of hair", 
      "Easy perspiration"
    ], 
    "Throat": [
      "Enlarged tonsils are filled with little crypts"
    ]
  }, 
  "details": "It is in the treatment of scrofulous affections, especially enlarged glands, tonsils, etc., that this remedy has gained marked beneficial results. Thyroid enlargements about time of puberty. Flabby children subject to colds. Secretions inclined to be profuse and yellow. Adenoids. Uterine fibroids. CROUP.", 
  "dosage": "Second and third trituration."
}