{
  "name": "Carbolicum acidum", 
  "Relationship": "Compare: Chrysarobin (locally in ringworm of the scale 5-10 per cent. in glycerine and alcohol. Equal parts). Ars.; Kreosote.; Carbo; Guano. (Violent headache as from a band around head. Itching of nostrils, back, thighs, genitals. Symptoms like hay-fever.) Antidote: Alcohol; Vinegar; Chalk; Iod. Glauger's Salt in watery solution. Incompatible: Glycerine and vegetable oils.", 
  "Common names": "Phenol - Carbolic Acid", 
  "symptoms": {
    "Head": [
      "Orbital neuralgia over right eye", 
      "Disinclined to mental work", 
      "Headache, better, by green tea; while smoking", 
      "Tight feeling, as if compressed by a rubber band"
    ], 
    "Stomach": [
      "Flatulent distention of stomach and abdomen", 
      "Heat rises up oesophagus", 
      "Constant belching, nausea, vomiting, dark olive green", 
      "Desire for stimulants and tobacco", 
      "Appetite lost", 
      "Fermentative dyspepsia with bad taste and breath", 
      "Painful flatulence often marked in one part of the bowel"
    ], 
    "Stool": [
      "Constipation, with very offensive breath", 
      "Great tenesmus", 
      "Almost black", 
      "Irritable bladder in old men with frequent urination at night, or probably prostatic nature", 
      "Diarrhoea; stools thin, black, putrid", 
      "Bloody, like scrappings of intestines", 
      "Diabetes"
    ], 
    "Nose": [
      "Influenza and resulting debility", 
      "Putrid discharge", 
      "Ozaena, with fetor and ulceration", 
      "Smell very acute"
    ], 
    "Female": [
      "Leucorrhoea in children", 
      "Puerperal fever, with offensive discharge", 
      "Agonizing backache across loins, with dragging-down thighs", 
      "Erosions of cervix; fetid, acrid discharge", 
      "Discharges always offensive", 
      "Irritating leucorrhoea, causing itching and burning", 
      "Pain in left ovary; worse walking in open air", 
      "Pustules about vulva containing bloody pus"
    ], 
    "Skin": [
      "Itching vesicles, with burning pain", 
      "Burns tend to ulcerate"
    ], 
    "Throat": [
      "Ulcerated patches on inside of lips and cheeks", 
      "Fauces red, and covered with exudation", 
      "Burning in mouth to stomach", 
      "Rapid sinking of vital forces", 
      "Almost impossible to swallow", 
      "Face dusky red; white about mouth and nose", 
      "Diphtheria, fetid breath, regurgitation on swallowing liquids, but little pain", 
      "Putrid discharge", 
      "Uvula whitened and shriveled"
    ], 
    "Extremities": [
      "Gnawing pains in shin bones", 
      "Cramps in fore part of leg, close to tibia during walking", 
      "Arthritis"
    ]
  }, 
  "details": "Carbolic Acid is a powerful irritant and anaesthetic. A languid, foul, painless destructive remedy. Stupor, paralysis of sensation and motion, feeble pulse and depressed breathing, death due to paralysis of respiratory centers. Acts primarily on the central nervous system. INCREASED OLFACTORY SENSIBILITY. Produces mental and bodily languor, disinclination to study, with headache like a band. Very marked ACUTENESS OF SMELL is a strong guiding symptom. Stomach symptoms are also important. Pains are terrible; come and go suddenly. Physical exertion brings on abscess somewhere. Putrid discharges. (Bapt.) Scarlet fever, with marked tendency to destruction of tissue internally, and fetid odor. Spasmodic coughs. Arthritis. (See Dose.)", 
  "dosage": "Third to thirtieth potency. Phenol in Arthritis, according to Goodno. Must be absolutely pure. Crystals Solution (25%) in equal parts of water and glycerine, dose 20 minims well diluted 3 times daily (Bartlett)."
}