{
  "name": "Carbo vegetabilis", 
  "Relationship": "Antidotes: Spirits Nitre; Camph.; Ambra; Arsenic. Compare: Carboneum - Lamp black. (Spasms commencing in tongue, down trachea and extremities. Tingling sensation.) Lycop.; Ars.; China. Complementary: Kali-carb.; Dros.", 
  "Modalities": [
    "Worse: evening; night and open air; cold; from fat food", 
    "Worse: butter", 
    "Worse: coffee", 
    "Worse: milk", 
    "Worse: warm damp weather; wine", 
    "Better: from eructation", 
    "Better: from fanning", 
    "Better: cold"
  ], 
  "Common names": "Vegetable Charcoal", 
  "symptoms": {
    "Eyes": [
      "Asthenopia", 
      "Vision of black floating spots", 
      "Burning in eyes", 
      "Muscles pain"
    ], 
    "Fever": [
      "Coldness, with thirst", 
      "Perspiration on eating", 
      "Burning in various places", 
      "Hectic fever, exhausting sweats", 
      "Chill begins in forearm"
    ], 
    "Stomach": [
      "Aversion to milk, meat, and fat things", 
      "Burning in stomach, extending to back and along spine", 
      "Distress comes on a half-hour after eating", 
      "Epigastric region very sensitive", 
      "Eructations after eating and drinking", 
      "The simplest food distresses", 
      "Crampy pains forcing patient to bend double", 
      "Nausea in the morning", 
      "Gastralgia of nursing women, with excessive flatulence", 
      "Rancid, sour, or putrid eructations", 
      "Temporary relief from belching", 
      "Sensitiveness of epigastric region", 
      "Sour, rancid belching", 
      "Eructations, heaviness, fullness, and sleepiness; tense from flatulence, with pain; worse lying down", 
      "Digestion slow; food putrefies before it digests", 
      "Water brash, asthmatic breathing from flatulence", 
      "Faint gone feeling in stomach, not relieved by eating", 
      "Contractive pain extending to chest, with distention of abdomen"
    ], 
    "Head": [
      "Vertigo with nausea and tinnitus", 
      "Head feels heavy, constricted", 
      "Pimples on forehead and face", 
      "Hair feels sore, falls off easily; scalp itches when getting warm in bed", 
      "Aches from any over-indulgence", 
      "Hat pressed upon head like a heavy weight"
    ], 
    "Mind": [
      "Sudden loss of memory", 
      "Fear of ghosts", 
      "Aversion to darkness"
    ], 
    "Abdomen": [
      "Painful diarrhoea of old people", 
      "Abdomen greatly distended; better, passing wind", 
      "Pain as from lifting a weight; colic from riding in a carriage; excessive discharge of fetid flatus", 
      "Acrid, corrosive moisture from rectum", 
      "Frequent, involuntary cadaverous-smelling stools, followed by burning", 
      "Flatus hot, moist, offensive", 
      "Cannot bear tight clothing around waist and abdomen", 
      "Ailments accompanying intestinal fistulae", 
      "Discharge of blood from rectum", 
      "Flatulent colic", 
      "Bluish, burning piles, pain after stool", 
      "Soreness, itching, moisture of perineum at night", 
      "Itching, gnawing and burning in rectum", 
      "A musty, glutinous moisture exudes", 
      "Stool and rectum", 
      "Pain in liver", 
      "Burning at anus, burning varices", 
      "White hemorrhoids; excoriation of anus"
    ], 
    "Face": [
      "Pale, hippocratic, cold with cold sweat; blue", 
      "Puffy, cyanotic", 
      "Mottled cheeks and red nose"
    ], 
    "Respiratory": [
      "Hemorrhage from lungs", 
      "Spasmodic cough, bluish face, offensive expectoration, neglected pneumonia", 
      "Cough with itching in larynx; spasmodic with gagging and vomiting of mucus", 
      "Deep, rough voice, falling on slight exertion", 
      "Breath cold; must be fanned", 
      "Occasional spells of long coughing attacks", 
      "Whooping cough, especially in beginning", 
      "Wheezing and rattling of mucus in chest", 
      "Asthma in aged with blue skin", 
      "Cough, with burning in chest; worse in evening, in open air, after eating and talking", 
      "Hoarseness; worse, evenings, talking; evening oppression of breathing, sore and raw chest"
    ], 
    "Mouth": [
      "Pyorrhoea", 
      "Blood oozing from gums when cleaning teeth", 
      "Teeth very sensitive where chewing; gums retracted and bleed easily", 
      "Tongue coated white or yellow brown, covered with aphthae"
    ], 
    "Nose": [
      "Coryza with cough, especially in moist, warm weather", 
      "Eruption in corner of alae nasi", 
      "Bleeding after straining, with pale face; tip of nose red and scabby, itching around nostrils", 
      "Varicose veins on nose", 
      "Epistaxis in daily attacks, with pale face", 
      "Ineffectual efforts to sneeze"
    ], 
    "Female": [
      "Leucorrhoea before menses, thick, greenish, milky, excoriating", 
      "Premature and too copious menses; pale blood", 
      "Vulva swollen; aphthae; varies on pudenda", 
      "During menstruation, burning in hands and soles"
    ], 
    "Skin": [
      "Moist skin; hot perspiration; senile gangrene beginning in toes; bed sores; bleed easily", 
      "Varicose ulcers, carbuncles", 
      "Itching; worse on evening, when warm in bed", 
      "Indolent ulcers, burning pain", 
      "Blue, cold ecchymosed", 
      "Falling out of hair, from a general weakened condition", 
      "Purpura", 
      "Marbled with venous over distension", 
      "Ichorous, offensive discharge; tendency to gangrene of the margins"
    ], 
    "Extremities": [
      "Burning pain in bones and limbs", 
      "Heavy, stiff; feel paralyzed; limbs, go to sleep; want of muscular energy; joints weak", 
      "Cramp in soles; feet numb and sweaty", 
      "Toes red, swollen", 
      "Pain in shins", 
      "Cold from knees down"
    ], 
    "Male": [
      "Itching and moisture at thigh near scrotum", 
      "Discharge of prostatic fluid at stool"
    ], 
    "Ears": [
      "Malformation of cerumen with exfoliation of dermoid layer of meatus", 
      "Otorrhoea following exanthematous diseases", 
      "Ears dry"
    ]
  }, 
  "details": "Disintegration and IMPERFECT OXIDATION is the keynote of this remedy. The typical Carbo patient is sluggish, fat and lazy and has a tendency to chronicity in his complaints. Blood seems to stagnate in the capillaries, causing blueness, coldness, and ecchymosis. Body becomes blue, icy-cold. Bacteria find a rich soil in the nearly lifeless blood stream and sepsis and typhoidal state ensues. A lowered vital power from loss of fluids, after drugging; after other diseases; in old people with venous congestions; states of collapse in cholera, typhoid; these are some of the conditions offering special inducements to the action of Carbo veg. The patient may be almost lifeless, but the head is hot; coldness, breath cool, pulse imperceptible, oppressed and quickened respiration, and must have air, must be fanned hard, must have all the windows open. This is a typical state for Carbo veg. The patient faints easily, is worn out, and must have fresh air. Hemorrhage from any mucous surface. Very debilitated. Patient seems to be too weak to hold out. PERSONS WHO HAVE NEVER FULLY RECOVERED FROM THE EFFECTS OF SOME PREVIOUS ILLNESS. Sense of weight, as in the head (occiput), eyes and eyelids, before the ears, in the stomach, and elsewhere in the body; putrid (septic) condition of all its affections, coupled with a burning sensation. General venous stasis, bluish skin, limbs cold.", 
  "dosage": "First to third trituration in stomach disorders. Thirtieth potency and higher in chronic conditions, and in collapse."
}