{
  "name": "Castor equi", 
  "Relationship": "Compare: Graphites; Hippomanes; Calc. Oxal.", 
  "Common names": "Rudimentary Thumb-nail of the Horse", 
  "symptoms": {
    "Chest": [
      "Swelling of mammae", 
      "Violent itching in breasts; areola reddened", 
      "Cracked, sore nipples, excessively tender"
    ]
  }, 
  "details": "Generaction on thickening of the skin and epithelium. Psoriasis linguae. The clinical experience of Hering and his fellow-provers has shown this to be highly useful remedy in CRACKED AND ULCERATED NIPPLES. Affects principally female organs. Acts on the nails and bones; pain in right tibia and coccyx. Warts on forehead. Warts on breast. Chapped hands.", 
  "dosage": "Sixth and twelfth potency."
}