{
  "name": "Chenopodi glauci aphis", 
  "Relationship": "Compare: Nat-sulph.; Nux.", 
  "Common names": "Plant-lice from Chenopodium", 
  "symptoms": {
    "Head": [
      "Orbital right neuralgia, with profuse lachrymation", 
      "Yellow face", 
      "Noise in ears, as of cannon", 
      "Brain seems swished hither and thither", 
      "Toothache, relieved by general warm sweat  toothache extends to ear, temple, and cheek-bone", 
      "Sad; aching, worse from motion", 
      "Coryza, with burning or biting in nostrils"
    ], 
    "Fever": [
      "Shuddering all over; burning in palms; hot sweat in bed"
    ], 
    "Stomach": [
      "Hard and knotty", 
      "No appetite for meat and bread", 
      "Much mucus", 
      "Vesicles at end of tongue", 
      "Diarrhoea in morning, with painful urging and burning in anus, and pressure in rectum and bladder", 
      "Stools", 
      "Colic with much rumbling and ineffectual urging to stool"
    ], 
    "Urine": [
      "Voluptuous feeling in glans", 
      "Urination frequent, copious, frothy", 
      "Burning in urethra"
    ], 
    "Back": [
      "Severe pains in region of lower inner angle of left shoulder-blade, running into chest"
    ]
  }, 
  "details": "Partakes largely of the properties of the plant upon which the insect lives.", 
  "dosage": "Sixth to thirtieth potency."
}