{
  "name": "Chionanthus", 
  "Relationship": "Compare: Cinchona; Ceanoth.; Chelidonium.; Carduus; Podoph.; Lept.", 
  "Common names": "Fringe-tree", 
  "symptoms": {
    "Head": [
      "Listless, apathetic", 
      "Yellow conjunctiva", 
      "Dull frontal headache, over root of nose, over eyes, through temples, worse stooping, motion, jar"
    ], 
    "Urine": [
      "Large amount of high specific gravity; frequent urination; bile and sugar in urine", 
      "Urine very dark"
    ], 
    "Mouth": [
      "Feels as if a string were tied in a slip-knot around intestines which was suddenly drawn tight and then gradually loosened", 
      "Pancreatic disease and other glandular disorders", 
      "Abdomen and liver", 
      "Bilious colic", 
      "Dry sensation not relieved by water, also profuse saliva", 
      "Sore: enlarged, with jaundice and constipation", 
      "Clay-colored stool, also soft, yellow and pasty", 
      "Tongue broad with thick yellow fur", 
      "Aching in umbilical region, griping", 
      "Tongue heavily coated", 
      "No appetite", 
      "Hepatic region tender"
    ], 
    "Skin": [
      "Yellow; marked moisture of skin sallow, greenish, itching"
    ]
  }, 
  "details": "This remedy is often of service in many types of headaches, neurasthenic, PERIODICAL SICK, menstrual and bilious. Taken for several weeks, drop doses, will often break up the sick headache habit. The pain in the forehead, chiefly over eyes. Eyeballs very painful, with pressure over root of nose. Hepatic derangement. JAUNDICE. Enlarged spleen. (Ceanoth.) Jaundice, with arrest of menses. A prominent liver remedy. GALLSTONES. (Berberis; Cholest.; Calc.) DIABETES MELLITUS. Paroxysmal, abdominal pain.", 
  "dosage": "Tincture and first attenuation."
}