{
  "symptoms": {
    "Head": [
      "Violent headache, caused by drinking", 
      "Great rage; vehement at beginning of chilly stage", 
      "Would like to tear everything to pieces", 
      "Pain under right frontal bone"
    ], 
    "Fever": [
      "Thirst during apyrexia, but little during chilly stage; still less during hot stage, and none during sweating", 
      "Sensation as of wind blowing on knees", 
      "Chilliness of whole body", 
      "Chill; worse lying down", 
      "Musty, offensive sweat", 
      "Pains in all joints, as if tendons were too short, especially knee-joints"
    ], 
    "Female": [
      "Shooting pain from vagina up towards left ovary"
    ], 
    "Bowels": [
      "Constipation, faeces dry and in small balls  and hard", 
      "Ulcer of rectum"
    ]
  }, 
  "details": "Of use in intermittent fever, with weariness and inclination to stretch. Hamstrings feel too short. (AMMON. MUR.) Flexors mostly affected. Sensation of retraction of arm tendons. Stretching.", 
  "Common names": "Acanthia Bedbug", 
  "name": "Cimex", 
  "dosage": "Sixth to two hundredth attenuation."
}