{
  "name": "Cimicifuga racemosa", 
  "Relationship": "Compare: RHAMNUS CALIFORNICA (MUSCULAR PAINS, lumbago, pleurodynia, acute rheumatism). DERRIS PINNATA (Neuralgic headaches of rheumatic origin). ARISTOLOCHIA MILHOMENS (pain in tendo-Achilles; diabetes). CAULOPHYL.; PULSAT.; LILIUM; AGAR.; MACROTIN (especially for lumbago).", 
  "Modalities": [
    "Worse: morning", 
    "Worse: cold", 
    "Worse: during menses; the more profuse the flow", 
    "Worse: the greater the suffering", 
    "Better: warmth", 
    "Better: eating"
  ], 
  "Common names": "Actaea Racemosa) (Macrotys Black Snake-Root.", 
  "symptoms": {
    "Heart": [
      "Irregular, slow, trembling pulse", 
      "Angina pectoris", 
      "Heart's action ceases suddenly, impending suffocation", 
      "Tremulous action", 
      "Numbness of left arm; feels as if bound to side", 
      "Left-sided inframammary pain"
    ], 
    "Eyes": [
      "Deep-seated throbbing and shooting pains in eyes, with photophobia from artificial light", 
      "Asthenopia associated with pelvic trouble", 
      "Intense aching of eyeball", 
      "Pain from eyes to top of head"
    ], 
    "Respiratory": [
      "Tickling in throat", 
      "Dry, short cough, worse speaking and at night", 
      "Cough when secretion is scanty - spasmodic, dry, with muscular soreness and nervous irritation"
    ], 
    "Stomach": [
      "Tongue pointed and trembling", 
      "Sinking in epigastrium", 
      "Nausea and vomiting caused by pressure on spine and cervical region", 
      "Gnawing pain"
    ], 
    "Head": [
      "Wild feeling in brain", 
      "Shooting and throbbing pains in head after mental worry, over-study, or reflex of uterine disease", 
      "Tinnitus", 
      "Ears sensitive to least noise", 
      "Pressing-outward pain", 
      "Brain feels too large", 
      "Waving sensation or opening and shutting sensation in brain"
    ], 
    "Back": [
      "Stiffness and contraction in neck and back", 
      "Rheumatic pains in muscles of back and neck", 
      "Crick in back", 
      "Pain in lumbar and sacral region, down thighs, and through hips", 
      "Spine very sensitive, especially upper part", 
      "Intercostal rheumatism"
    ], 
    "Female": [
      "Pain immediately before menses", 
      "Amenorrhoea", 
      "Inframammary pains worse, left side", 
      "Facial blemishes in young women", 
      "Ovarian neuralgia", 
      "Pain in ovarian region; shoots upward and down anterior surface of thighs", 
      "Pain across pelvis, from hip to hip", 
      "Menses profuse, dark, coagulated, offensive with backache, nervousness; always irregular", 
      "After-pains, with great sensitiveness and intolerance to pain"
    ], 
    "Skin": [
      "Locally and internally for ivy poisoning"
    ], 
    "Sleep": [
      "Sleeplessness", 
      "Brain irritation of children during dentition"
    ], 
    "Extremities": [
      "Jerking of limbs", 
      "Aching in limbs and muscular soreness", 
      "Heaviness in lower extremities", 
      "Rheumatism affecting the belly of muscles, especially large muscles", 
      "Uneasy, restless feeling in limbs", 
      "Heavy, aching, tensive pain", 
      "Stiffness in tendo-achilles", 
      "Choreic movements, accompanied by rheumatism"
    ]
  }, 
  "details": "Has a wide action upon the cerebrospinal and muscular system, as well as upon the uterus and ovaries. Especially useful in rheumatic, nervous subjects with ovarian irritation, uterine cramps and heavy limbs. Its muscular and crampy pains, primarily of neurotic origin, occurring in nearly every part of the body, are characteristic. AGITATION AND PAIN indicate it. Pains like electric shocks here and there. Migraine. Symptoms referable to the pelvic organs prominent. \"It lessens the frequency and force of the pulse soothes pain and allays irritability.\" Mental. Sensation of a cloud enveloping her. Great depression, with DREAM OF IMPENDING EVIL. Fears riding in a closed carriage, of being obliged to jump out. Incessant talking. Visions of rats, mice, etc. Delirium tremens; tries to injure himself. Mania following disappearance of neuralgia.", 
  "dosage": "First to thirtieth attenuation, third most frequently used."
}