{
  "name": "Cinchona officinalis", 
  "Relationship": "Antidotes: ARN.; ARS.; NUX; IPEC. Compare: QUINIDINE - (Paroxysmal tachycardia and AURICULAR FIBRILLATION. Heart is slowed, and the auriculoventricular conduction time is lengthened. Dose 1/2 grain t.i.d. CEPHALANTHUS - Button Bush - Intermittent fever, sore throat, rheumatic symptoms, vivid dreams). ARS.; CEDRON.; NAT-SULPH. CYDONIA VULGARIS - Quince (supposed to be of use to strengthen the sexual organs and stomach). Complementary: FERRUM; CALC. PHOS.", 
  "Modalities": [
    "Worse: slightest touch", 
    "Better: bending double; hard pressure; open air; warmth"
  ], 
  "Common names": "Peruvian Bark - China", 
  "symptoms": {
    "Stool": [
      "Difficult even when soft", 
      "Undigested, frothy, yellow; painless; worse at night, after meals, during hot weather, from fruit, milk, beer", 
      "Very weakening, with much flatulence"
    ], 
    "Head": [
      "Intense throbbing of head and carotids", 
      "As if skull would burst", 
      "Face flushed after hemorrhages, or sexual excesses, or loss of vital fluids", 
      "Relieved from pressure and warm room", 
      "Aches worse in open air, from temple to temple", 
      "Worse by contact, current of air, stepping", 
      "Sensation as if brain were balancing to and fro, and striking against skull, receiving great pain", 
      "Spasmodic headache in vertex, with subsequent pain, as if bruised in sides of head", 
      "Dizzy when walking", 
      "Scalp sensitive; worse combing hair"
    ], 
    "Fever": [
      "All stages well marked", 
      "Debilitating night-sweats", 
      "Intermittent, paroxysms anticipate; return every week", 
      "Hay fever, watery coryza, pain in temples", 
      "Free perspiration caused by every little exertion, especially on single parts", 
      "Chill generally in forenoon, commencing in breast; thirst before chill, and little and often"
    ], 
    "Stomach": [
      "Bloatedness better by movement", 
      "Flat taste", 
      "Hiccough", 
      "Slow digestion", 
      "Milk disagrees", 
      "Tender, cold", 
      "Vomiting of undigested food", 
      "Hungry without appetite", 
      "Flatulence; belching of bitter fluid or regurgitation of food gives no relief; worse eating fruit", 
      "Darting pain crosswise in hypogastric region", 
      "Ill effects of tea", 
      "Weight after eating", 
      "Hungry longing for food, which lies undigested"
    ], 
    "Abdomen": [
      "Tympanitic abdomen", 
      "Gallstone colic", 
      "Internal coldness of stomach and abdomen", 
      "Liver and spleen swollen and enlarged", 
      "Much flatulent colic; better bending double", 
      "Pain in right hypochondrium", 
      "Gastroduodenal catarrh", 
      "Jaundice"
    ], 
    "Mouth": [
      "Tongue coated thick, dirty; tip burns, succeeded by ptyalism", 
      "Food tastes too salty", 
      "Toothache; better pressing teeth firmly together, and by warmth", 
      "Bitter taste"
    ], 
    "Respiratory": [
      "Hemorrhage from lungs", 
      "Suffocative catarrh; rattling in chest; violent, hacking cough after every meal", 
      "Cannot breathe with head low", 
      "Dyspnoea, sharp pain in left lung", 
      "Labored, slow respiration; constant choking", 
      "Influenza, with debility", 
      "Asthma; worse damp weather"
    ], 
    "Eyes": [
      "Distortion of eyeballs", 
      "Photophobia", 
      "Spots before eyes", 
      "Hollow eyes", 
      "Yellowish sclerotica", 
      "Intermittent ciliary neuralgia", 
      "Blue color around eyes", 
      "Pressure in eyes", 
      "Black specks, bright dazzling illusions; night blindness in anaemic retina", 
      "Amaurosis; scalding lachrymation"
    ], 
    "Face": [
      "Face bloated; red", 
      "Sallow complexion"
    ], 
    "Nose": [
      "Coryza, sneezing, watery discharge", 
      "Easily bleeding from nose, especially on rising", 
      "Cold sweat about nose", 
      "Violent dry sneezing", 
      "Checked catarrh"
    ], 
    "Male": [
      "Frequent emissions, followed by great weakness", 
      "Orchitis", 
      "Excited lascivious fancy"
    ], 
    "Ears": [
      "Ringing in ears", 
      "External ear sensitive to touch", 
      "Lobules red and swollen", 
      "Hearing sensitive to noise"
    ], 
    "Heart": [
      "Irregular with weak rapid beats followed by strong, heart beats", 
      "Suffocative attacks, syncope; anaemia and dropsy"
    ], 
    "Mind": [
      "Disposition to hurt other peoples' feelings", 
      "Ideas crowd in mind; prevent sleep", 
      "Apathetic, indifferent, disobedient, taciturn, despondent", 
      "Sudden crying and tossing about"
    ], 
    "Back": [
      "Sharp pains across kidneys, worse movement and at night", 
      "Knife-like pains around back"
    ], 
    "Sleep": [
      "Protracted sleeplessness", 
      "Unrefreshing or constant stupor", 
      "Anxious, frightful dreams with confused consciousness on waking, so that the dream cannot be rid of and fear of dream remains", 
      "Drowsiness", 
      "Snoring, especially with children", 
      "Wakens early"
    ], 
    "Female": [
      "Dark clots and abdominal distention", 
      "Bloody leucorrhoea", 
      "Profuse menses with pain", 
      "Seems to take the place of the usual menstrual discharge", 
      "Menses too early", 
      "Painful heaviness in pelvis", 
      "Desire too strong"
    ], 
    "Skin": [
      "Dermatitis; erysipelas", 
      "One hand ice cold, the other warm", 
      "Indurated glands; scrofulous ulcers and caries", 
      "Coldness; much sweat", 
      "Anasarca", 
      "Extreme sensitiveness to touch, but hard pressure relieves"
    ], 
    "Extremities": [
      "Great debility trembling, with numb sensation", 
      "Averse to exercise; sensitive to touch", 
      "Sensation as of a string around limb", 
      "Weariness of joints; worse, mornings and when sitting", 
      "Pains in limbs and joints, as if sprained; worse, slight touch; hard pressure relieves", 
      "Joints swollen; very sensitive, with dread or open air"
    ]
  }, 
  "details": "DEBILITY from exhausting discharges, from loss of vital fluids, together with a NERVOUS ERETHISM, calls for this remedy. Periodicity is most marked. Sensitive to drafts. Seldom indicated in the earlier stages of acute disease. Chronic gout. Chronic suppurative pyelitis. Post operative gas pains, no relief from passing it.", 
  "dosage": "Tincture, to thirtieth potency."
}