{
  "name": "Clematis erecta", 
  "Relationship": "Compare: CLEMATIS VITALBA (varicose and other ulcers); SIL.; STAPH.; PETROL.; OLEAND.; SARSAP.; CANTH.; PHOS-AC.; PULSAT. Antidotes: BRYON.; CAMPH.", 
  "Modalities": [
    "Worse: at night", 
    "Worse: and warmth of bed", 
    "Better: in open air"
  ], 
  "Common names": "Virgin's Bower", 
  "symptoms": {
    "Eyes": [
      "Pustular conjunctivitis, with tinea capitis; eyes inflamed and protruding", 
      "Chronic blepharitis, with sore and swollen meibomian glands", 
      "Heat in eyes and sensitive to air; must close them", 
      "Iritis, great sensitiveness to cold", 
      "Flickering before eyes"
    ], 
    "Stomach": [
      "After eating, weakness in all limbs and pulsation in arteries"
    ], 
    "Urine": [
      "Frequent, scanty urination; burning at orifice", 
      "Inability to pass all the urine; dribbling after urinating", 
      "Commencing stricture", 
      "Tingling in urethra lasting some time after urinating", 
      "Interrupted flow", 
      "Urethra feels constricted", 
      "Urine emitted drop by drop", 
      "Pain worse at night, pain along the spermatic cord"
    ], 
    "Teeth": [
      "Ache; worse, at night and from tobacco", 
      "Feel too long"
    ], 
    "Head": [
      "Confused feeling; better in open air", 
      "Boring pain in temples", 
      "Eruption on occiput at base of hair, moist, pustular sensitive, itching"
    ], 
    "Face": [
      "Swelling of submaxillary glands, with hard tubercles; throbbing, aggravated on being touched", 
      "White blisters on face and nose, as if burned by sun", 
      "Pain in right side of face to eye, ear and temple; better, holding cold water in mouth"
    ], 
    "Skin": [
      "Glands hot, painful, swollen; worse inguinal glands", 
      "Red, burning, vesicular, scaly, scabby", 
      "Glandular induration and tumors of breast", 
      "Itches terribly; worse, washing in cold water; worse face and hands and scalp around occiput", 
      "Varicose ulcers"
    ], 
    "Male": [
      "Testicles indurated with bruised feeling", 
      "Testicles hang heavy or retracted, with pain along spermatic cord; worse, right side", 
      "Ilio-scrotal neuralgia", 
      "Troubles from suppressed gonorrhea", 
      "Violent erections with stitches in urethra", 
      "Right half only", 
      "Swelling of scrotum"
    ]
  }, 
  "details": "Scrofulous, rheumatic, gonorrheal, and syphilitic patients. Acts especially on skin, GLANDS and genitourinary organs, especially testicles. A remedy of much importance in disturbances of sleep, and neuralgic PAINS in various parts. Many of these pains are relieved by perspiration. Muscles relaxed or twitching. Great emaciation. GREAT SLEEPINESS. Distant pulsation in whole body.", 
  "dosage": "Third to thirtieth potency."
}