{
  "name": "Cochlearia armoracia", 
  "Relationship": "Compare: CANNAB; SINAPIS; CAPS.", 
  "Common names": "Armoracia Sativa Horse-radish", 
  "symptoms": {
    "Eyes": [
      "Copious running from eyes", 
      "Sore and scrofulous; traumatic inflammation of eyes, cataract"
    ], 
    "Respiratory": [
      "Chest painful to touch", 
      "Oedema of lungs", 
      "Mucous asthma", 
      "Dry, hacking, laryngeal cough, also post-influenza cough, dry or loose, worse lying down", 
      "Coryza, with hoarseness", 
      "Throat feels rough and hoarse"
    ], 
    "Stomach": [
      "Violent cramp from stomach through both sides around to back", 
      "Belching and cramps", 
      "Colic with backache", 
      "Gripping around navel", 
      "Pain towards back; worse, pressure on dorsal vertebrae"
    ], 
    "Head": [
      "Violent headache with vomiting", 
      "Thinking is difficult", 
      "Pressing, boring pain as if frontal bone would fall out", 
      "Impaired hearing", 
      "Anxiety, driven to despair by pain"
    ], 
    "Urine": [
      "Burning and cutting at glans penis before, during, and after urination", 
      "Frequent urination"
    ], 
    "Back": [
      "Pain in back as from incarcerated flatulence from abdomen through to back and down into sacrum"
    ]
  }, 
  "details": "Frontal bone and sinus, antrum and salivary glands are specifically affected by this drug. Bloated sensation. Raises vital forces. Used as a gargle in scorbutic gums and sore throat. Hoarseness and in relaxed conditions of the fauces. Internally in gonorrhea. Useful as a condiment in enfeebled states of the stomach. An infusion of the root in cider, for dropsy, causes copious diuresis. Locally cures dandruff.", 
  "dosage": "First to third attenuation."
}