{
  "name": "Collinsonia canadensis", 
  "Relationship": "Antidote: NUX. Compare: AeSCUL.; ALOES; HAMA.; LYCOPUS; NEGUNDO; SULPH.; NUX.", 
  "Modalities": [
    "Worse: from the slightest mental emotion or excitement; cold", 
    "Better: heat"
  ], 
  "Common names": "Stone-Root", 
  "symptoms": {
    "Heart": [
      "Oppression, faintness, and dyspnoea", 
      "Palpitation; rapid but weak", 
      "Dropsy after heart symptoms relieved, piles or menses return", 
      "Chest-pains alternate with hemorrhoids"
    ], 
    "Head": [
      "Bitter taste", 
      "Dull frontal headache; from suppressed hemorrhoids", 
      "Chronic catarrh", 
      "Yellow-coated tongue"
    ], 
    "Respiratory": [
      "Cough from excessive use of voice; minister's sore throat; sharp pain in larynx", 
      "Harassing, dry cough", 
      "Hoarseness"
    ], 
    "Female": [
      "Cold feeling in thighs after menstruation", 
      "Membranous dysmenorrhoea, with constipation", 
      "Pruritis", 
      "Sensation of swelling of labia and of clitoris", 
      "Dysmenorrhoea; pruritus of vulva; prolapse of womb; swelling and dark redness of genitals; pain on sitting down"
    ], 
    "Rectum": [
      "Constipation during pregnancy; with membranous dysmenorrhoea, following labor", 
      "Dysentery, with tenesmus", 
      "Most obstinate constipation, with protruding hemorrhoids", 
      "Dry faeces", 
      "Alternate constipation and diarrhoea, and great flatulence", 
      "Painful bleeding piles", 
      "Itching of anus", 
      "Sense of constriction", 
      "Sensation of sharp sticks in rectum", 
      "Vascular engorgement of rectum", 
      "Aching in anus and hypogastrium"
    ]
  }, 
  "details": "Pelvic and portal congestion, resulting hemorrhoids and constipation, especially in females. Depressed arterial tension, general atony of muscular fiber. CHRONIC NASAL, GASTRIC, AND PHARYNGEAL CATARRH, due to portal obstruction. Dropsy from cardiac disease. Pruritus in pregnancy, with piles. CONSTIPATION OF CHILDREN FROM INTESTINAL ATONY. Said to be of special value when given before operations, for rectal diseases. Sense of weight and constriction. Venous engorgement.", 
  "dosage": "Tincture, to third attenuation. Higher potencies where there is organic heart affection."
}