{
  "name": "Corydalis", 
  "Relationship": "NIT-AC.; KALI-IOD.; FLUOR-AC.", 
  "Common names": "Dicentra Canadensis Turkey-pea", 
  "symptoms": {
    "Skin": [
      "Dry, scaly scabs on face of old people", 
      "Lymphatic glands swollen"
    ]
  }, 
  "details": "Syphilitic affections. Ulcers of mouth and fauces. Cancer cachexia pronounced. Gummata and night-pains. Chronic diseases, with atony. Tongue clean, broad, and full. Tissues flabby, doughy, cold. Gastric catarrh. (HYDRAST.)", 
  "dosage": "Tincture, twenty drops three times a day."
}