{
  "name": "Crocus sativa", 
  "Relationship": "Antidote: OPIUM; BELL. Compare: IPEC.; TRILLIUM; PLAT.; CHINA; SABINA.", 
  "Modalities": [
    "Worse: lying down", 
    "Worse: hot weather", 
    "Worse: warm room", 
    "Worse: in morning", 
    "Worse: fasting", 
    "Worse: before breakfast", 
    "Worse: looking fixedly at an object", 
    "Better: in open air"
  ], 
  "Common names": "Saffron", 
  "symptoms": {
    "Eyes": [
      "Sensation as if she had been looking through too sharp spectacles", 
      "Appearances as of electric sparks", 
      "Eyes feel as if in smoke", 
      "Sensation as if cold air was rushing through eye", 
      "Feeling in eyes as after violent weeping", 
      "Threatened glaucoma; embolism of arteria centralis retinal", 
      "Must wipe eyes as if mucus or water were in them", 
      "Asthenopia with extreme photophobia", 
      "Ciliary neuralgia, pain from eyes to top of head", 
      "Lids heavy", 
      "Pupils enlarged and react slowly"
    ], 
    "Respiratory": [
      "Feeling as if the uvula is elongated in hysterical patients", 
      "Wheezy cough, with frothy expectoration, containing threads like fine twine; worse, lying down", 
      "Breath has offensive, sickly smell"
    ], 
    "Head": [
      "Throbs, pulsates, during climacteric; worse during menses"
    ], 
    "Mind": [
      "Vivid recollection from music heard", 
      "Sudden changes from hilarity to melancholy", 
      "Vacillating; pleasant mania; sings and laughs", 
      "Happy and affectionate; then angry"
    ], 
    "Abdomen": [
      "Constipation in infants", 
      "Sensation of something alive in abdomen, stomach, etc., especially on left side", 
      "Crawling and stitches in anus", 
      "Abdomen swollen, feeling of something heavy", 
      "Obstinate constipation due to portal stagnation"
    ], 
    "Back": [
      "Sudden feeling of coldness in back as if cold water were thrown over him; icy-cold extremities"
    ], 
    "Nose": [
      "Dark, stringy, clotted", 
      "Strings of dark blood hanging down the nose", 
      "Epistaxis"
    ], 
    "Female": [
      "Threatened abortion, especially when hemorrhage is dark and stringy", 
      "Menses dark, viscid, too frequent and copious, black and slimy", 
      "A bounding feeling, as if something alive in right breast", 
      "Jerking pain in interior of left breast, as if drawn toward back by means of thread", 
      "Uterine hemorrhage; clots with long strings; worse from least movement", 
      "Urging of blood to genitals"
    ], 
    "Extremities": [
      "Chorea and hysteria, with great alteration of feeling", 
      "Whole upper extremity falls asleep", 
      "Weakness in knees and legs", 
      "Cracking in hip-joint and knees", 
      "Spasmodic contractions and twitchings of single set of muscles", 
      "Pain in ankles and soles"
    ]
  }, 
  "details": "Is a remedy often useful in Hemorrhages that are black and stringy. Tingling in various parts. Chorea and hysterical affections. Frequent and extreme changes in sensations and mental conditions. Anger with violence followed by repentance. LAUGHING mania. Drowsiness and LASSITUDE; better by literary labor.", 
  "dosage": "Tincture, to thirtieth attenuation."
}