{
  "name": "Croton tiglium", 
  "Relationship": "Compare: MOMORDICA CHARANTIA - Hairy mordica - (has marked drastic properties, producing colic, nausea, vomiting, cholera-like symptoms, abdomen seems full of fluid discharged explosively, thin, watery, yellow. Great thirst). RHUS; ANAGALLIS; ANACARD.; SEPIA. Antidote: ANT. TART.", 
  "Modalities": [
    "Worse: "
  ], 
  "Common names": "Croton-oil Seed", 
  "symptoms": {
    "Eyes": [
      "Granular lids; pustules of cornea", 
      "Feel drawn backward", 
      "Red and raw appearance", 
      "Tensive pain above right orbit", 
      "Eruptions around eyes"
    ], 
    "Head": [
      "Pressing pain in forehead; especially orbits"
    ], 
    "Urine": [
      "Night urine foaming; dark orange color; turbid on standing; greasy particles floating on top", 
      "Day urine is pale, with white sediment"
    ], 
    "Stool": [
      "Constant urging to stool, followed by sudden evacuation", 
      "Copious watery stools, with much urging; always forcibly shot out, with gurgling in intestines; worse, drinking the least quantity, or even while eating", 
      "Swishing sensation in intestines"
    ], 
    "Chest": [
      "Drawing-pain through the left chest into the back", 
      "Sensitive to deep breathing", 
      "Inflamed breasts", 
      "Nursing women; every suck the child gives produces pain from nipple back", 
      "Asthma, with cough; cannot expand the chest", 
      "Cough; as soon as he touches the pillow must get up"
    ], 
    "Skin": [
      "Vesicular erysipelas, itching exceedingly", 
      "Feels hide-bound", 
      "Intense itching; but scratching is painful", 
      "Herpes zoster; stinging, smarting pains of the eruption", 
      "Pustular eruption, especially on face and genitals, with fearful itching, followed by painful burning", 
      "Vesicles; confluent oozing"
    ]
  }, 
  "details": "Is a valuable remedy in diarrhoea, summer complaint, and SKIN AFFECTIONS. These may alternate with each other. Feels tight all over. It is one of the antidotes to Rhus poisoning, as is evident from its wide and intense action upon skin and mucous surface, causing both irritation and inflammation, with formation of vesicles and mucous discharges. Has elective affinity for skin of face and external genitals. BURNING IN THE ESOPHAGUS.", 
  "dosage": "Sixth to thirtieth potency."
}