{
  "symptoms": {
    "Heart": [
      "Cardiac rhythm and force altered due to defective elimination"
    ], 
    "Urine": [
      "Renal inefficiency and uraemia", 
      "Diabetes", 
      "Urine of high specific gravity; increased, acetones and diacetic acid", 
      "Garlicky odor"
    ], 
    "Back": [
      "Persistent lameness", 
      "Pain in lumbar region and in lower left shoulder-blade; chest feels tight"
    ], 
    "Abdomen": [
      "Gastroenteritis", 
      "Cholera", 
      "Violent abdominal pain", 
      "Diarrhoea in phthisis", 
      "Dark liquid stools", 
      "Rumbling and sharp cutting pain"
    ], 
    "Mouth": [
      "Tongue thickly coated, dirty brown, white, metallic taste; thirst", 
      "Dry mouth"
    ], 
    "Skin": [
      "Sweat, and skin even when dry", 
      "Icy cold", 
      "Cold, clammy perspiration of an intermittent nature", 
      "Gangrene; carbuncles", 
      "Acne, pustules on face and in the crura-genital region; ulcers look like chancre"
    ], 
    "Extremities": [
      "Cramps in calves of legs, worse after midnight, only relieved by getting out of bed and standing", 
      "Ulcers; gangrene"
    ], 
    "Male": [
      "Purulent discharge of a white color from urethra; tingling and burning in urethra; pain in prostate; pains in penis", 
      "Perspiration of scrotum; is constantly damp and moist", 
      "Boils on scrotum"
    ]
  }, 
  "details": "A remedy for symptoms depending on deficient kidney action, various intestinal affections, cholera morbus and infantum; enterocolitis, diarrhoea, and dysentery. Gastrointestinal disturbances of influenza and typhoid. URAEMIC CONVULSIONS, headache, vertigo and unconscious conditions resulting from brain oedema. Nephritis of pregnancy. Convulsions preceded by gastrointestinal symptoms. Chlorosis. Bronchial asthma and with emphysema. Purulent endocarditis (Royal). Painful neuroses, enteroptosis. Delirium and tremor cordis.", 
  "Common names": "Arsenite of Copper - Scheele's Green", 
  "name": "Cuprum arsenitum", 
  "dosage": "Third trituration."
}