{
  "name": "Cuprum metallicum", 
  "Relationship": "Antidotes: BELL.; HEPAR; CAMPH. Copper is found in Dulcamara., STAPHISAG., CONIUM and some other plants. ALSO IN KING-CRAB (Limulus). Compare: CUPR. SULPH. (BURNING AT VERTEX; incessant, spasmodic cough, worse at night; tongue and lips bluish; locally, CUPR. SULPH. in 1-3 per cent. sol. in inoperable sarcoma). CUPR. CYAN. (meningitis basilaris); CHOLAS TERRAPINA (cramps in calves and feet; rheumatism, with cramp-like pains); PLUMB.; NUX; VERATR. CUPRUM OXYDATUM NIGRUM 1x (all kinds of worms, including tape-worms and trichinosis according to Zopfy's 60 years' experience).", 
  "Modalities": [
    "Worse: before menses; from vomiting", 
    "Worse: contact", 
    "Better: during perspiration", 
    "Better: drinking cold water"
  ], 
  "Common names": "Copper", 
  "symptoms": {
    "Heart": [
      "Fatty degeneration", 
      "Slow pulse; or hard, full and quick", 
      "Angina pectoris", 
      "Palpitation, precordial anxiety and pain"
    ], 
    "Eyes": [
      "Crossed", 
      "Aching over eyes", 
      "Fixed, starry, sunken, glistening, turned upward", 
      "Quick rolling of eyeballs, with closed eyes"
    ], 
    "Respiratory": [
      "Spasm of the glottis", 
      "Suffocative attacks, worse three am  spasm and constriction of chest; spasmodic asthma, alternating with spasmodic vomiting", 
      "Cough has a gurgling sound, better by drinking cold water", 
      "Dyspnoea with epigastric uneasiness", 
      "Angina with asthmatic symptoms and cramps", 
      "Whooping-cough, better, swallow water, with vomiting and spasms and purple face", 
      "Spasmodic dyspnoea before menstruation"
    ], 
    "Stomach": [
      "Strong metallic taste", 
      "Vomiting, relieved by drinking cold water; with colic, diarrhoea, spasms", 
      "Hiccough preceding the spasms", 
      "When drinking, the fluid descends with gurgling sound", 
      "Craves cool drink", 
      "Nausea"
    ], 
    "Head": [
      "Fixed ideas, malicious and morose", 
      "Empty feeling", 
      "Fearful", 
      "Bruised pain in brain and eyes on turning them", 
      "Purple, red swelling of head, with convulsions", 
      "Uses words not intended", 
      "Giddiness accompanies many ailments, head falls forward on chest", 
      "Sensation as if water were poured over head", 
      "Meningitis"
    ], 
    "Stool": [
      "Cholera; with cramps in abdomen and calves", 
      "Black, painful, bloody, with tenesmus and weakness"
    ], 
    "Abdomen": [
      "Colic, violent and intermittent", 
      "Neuralgia of abdominal viscera", 
      "Intussusception", 
      "Tense, hot and tender to touch; contracted"
    ], 
    "Face": [
      "Distorted, pale bluish, with blue lips", 
      "Contraction of jaws, with foam at mouth"
    ], 
    "Mouth": [
      "Paralysis of tongue", 
      "Strong metallic, slimy taste, with flow of saliva", 
      "Stammering speech", 
      "Constant protrusion and retraction of the tongue, like a snake"
    ], 
    "Nose": [
      "Sensation of violent congestion of blood to nose"
    ], 
    "Female": [
      "Ebullition of blood; palpitation", 
      "Cramps, extending into chest, before, during, or after suppression of menses", 
      "After-pains", 
      "Also, from suppressed foot sweats", 
      "Menses too late, protracted", 
      "Chlorosis"
    ], 
    "Skin": [
      "Bluish, marbled", 
      "Chronic psoriasis and lepra", 
      "Ulcers, itching spots, and pimples at the folds of joints"
    ], 
    "Sleep": [
      "During sleep constant rumbling in abdomen", 
      "Profound, with shocks in body"
    ], 
    "Extremities": [
      "Great weariness of limbs", 
      "Clenched thumbs", 
      "Clonic spasms, beginning in fingers and toes", 
      "Epilepsy; aura begins in knees", 
      "Jerking, twitching of muscles", 
      "Cramps in palm", 
      "Cramps in calves and soles", 
      "Coldness of hands"
    ]
  }, 
  "details": "SPASMODIC AFFECTIONS, CRAMPS, convulsions, beginning in fingers and toes, violent, contractive, and intermitting pain, are some of the more marked expressions of the action of Cuprum; and its curative range therefore includes tonic and clonic spasms, convulsions, and epileptic attacks. Chorea brought on by fright. Nausea greater than in any other remedy. In epilepsy, aura begins at knees, ascends to hypogastrium; then unconsciousness, foaming, and falling. Symptoms disposed to appear periodically and in groups. Complaints begin in left side. (LACHES.) Tape worm (colloidal Cuprum 3x) Where eruptions strike in, as in scarlet fever, complaints may result, such as excessive vomiting, stupor, convulsions, which come within the sphere of this remedy. The pains are increased by movement and touch.", 
  "dosage": "Sixth to thirtieth potency."
}