{
  "name": "Cyclamen", 
  "Relationship": "Compare: AMBRA; PULSAT.; CINCHONA; FERR. CIT. ET. CHIN.", 
  "Modalities": [
    "Worse: open air", 
    "Worse: evenings", 
    "Worse: sitting", 
    "Worse: standing and cold water", 
    "Better: during menstrual flow", 
    "Better: by moving about", 
    "Better: rubbing parts; in warm room", 
    "Better: lemonade"
  ], 
  "Common names": "Sow-Bread", 
  "symptoms": {
    "Eyes": [
      "Diplopia", 
      "Disturbance of vision, associated with gastric disturbances", 
      "Convergent strabismus", 
      "Sees countless stars", 
      "Dim vision, worse on waking, with spots before eyes", 
      "Flickering of various colors"
    ], 
    "Stomach": [
      "No thirst all day", 
      "Diarrhoea after every cup of coffee; hiccough", 
      "Salty taste; hiccough-like eructation worse, fat food", 
      "Disgust for meat, especially pork", 
      "Satiety after a few mouthfuls", 
      "Desire for lemonade"
    ], 
    "Rectum": [
      "Pain about anus and perineum, as if a spot were suppurating, when walking or sitting"
    ], 
    "Head": [
      "Terrors of conscience", 
      "Vertigo; things turn in a circle; better in the room; worse, open air", 
      "One-sided headache", 
      "Aching in morning, with flickering before eyes; sneezing with itching in ear", 
      "Frequent sneezing with itching in ears", 
      "Grieves over duty neglected", 
      "Depression, with weeping desire to be alone"
    ], 
    "Female": [
      "Postpartum hemorrhage, with colicky bearing-down pains, with relief after gush of blood", 
      "After menses, swelling of breasts, with milky secretion", 
      "Hiccough during pregnancy", 
      "Flow less when moving about", 
      "Menstrual irregularities with megrim and blindness, or fiery spots before eyes", 
      "Menses profuse, black, membranous, clotted, too early, with labor-like pains from back to pubes"
    ], 
    "Skin": [
      "Acne in young women, pruritus better scratching and appearance of menses"
    ], 
    "Extremities": [
      "Pains in periosteum", 
      "Chilblains", 
      "Burning, sore pain in heels", 
      "Pains in parts where bones lie near surface", 
      "Cramp-like contraction of right thumb and index finger"
    ]
  }, 
  "details": "Large doses produce violent purging and vomiting; disturbed digestion with very salty saliva. Anaemic and chlorotic conditions. Affections of uterus. Gastrointestinal and genitourinary tracts affected, inducing secondary anaemia and various reflexes. SLEEPINESS, MOROSENESS, AND LASSITUDE. Cough at night while asleep without waking, especially in children. (CHAM.; NIT-AC.)", 
  "dosage": "Third attenuation."
}