{
  "name": "Duboisia", 
  "Relationship": "It antagonizes MUSCARINE. DUBOISIN SULPHATE 1-100 gr. SEDATIVE IN MANIA. 2-4 milligrams a day. Hysteroepilepsy. Motor restlessness of insane. HAS BEEN USED AS A SUBSTITUTE FOR ATROPHIA in doses of 1-20 of a grain hypodermically.) Antidotes: MORPHIA; PILOCARP. Compare: BELLAD.; STRAM.; HYOS.", 
  "Common names": "Cork wood Elm", 
  "symptoms": {
    "Head": [
      "Impossible to stand with eyes shut, tendency to fall backwards"
    ], 
    "Respiratory": [
      "Larynx dry, voice hoarse, phonation difficult", 
      "Dry cough with oppressed breathing"
    ], 
    "Mind": [
      "Absent-minded, incoherent, silly and nonsensical, memory impaired"
    ], 
    "Eyes": [
      "Mydriasis", 
      "Hyperaemia of retina with weakness of accommodation, fundus red, blood-vessels full and tortuous; pupils dilated, with dim vision", 
      "Pain over eye, between it and brow", 
      "Conjunctivitis, acute and chronic", 
      "Paralysis of accommodation"
    ], 
    "Extremities": [
      "Loss of power in limbs, staggers; feels as if he stepped on empty space", 
      "Trembling, numbness and weakness"
    ]
  }, 
  "details": "Acts chiefly on the nervous system, eyes, upper respiratory tract. Recommended in pharyngitis sicca, with black, stringy mucus. It dilates the pupil, dries the mouth, checks perspiration, causes headache and drowsiness. On the eye it acts more promptly than Atropia, much stronger as a mydriatic. RED SPOT FLOATS IN THE FIELD OF VISION. Sensation as if stepping on empty space. VERTIGO WITH PALE FACE; not gastric in origin. Scarlet fever; locomotor ataxia. Palliative in exophthalmic goitre.", 
  "dosage": "Third to twelfth potency."
}