{
  "name": "Elaps corallinus", 
  "Relationship": "Compare: KINO - from PTEROCARPUS (Hemoptysis and hemorrhage from intestines). EUCALYPTUS ROSTRATA (offensive dark discharge from right ear). CROTALUS; ALUMEN; CARBO; ARS.; LACH.", 
  "Common names": "Coral-snake", 
  "symptoms": {
    "Eyes": [
      "Large red fiery spots before eyes", 
      "Aversion to light; letters run together when reading", 
      "Bloated around the eyes in the morning", 
      "Veil before eyes", 
      "Burning in lids"
    ], 
    "Fever": [
      "Typhoid when ulcers have eaten into tissues, and black blood is discharged", 
      "Cold perspiration all over"
    ], 
    "Stomach": [
      "Sensation as if food turned like a cork-screw on swallowing; desire for sweetened buttermilk", 
      "Feels cold", 
      "Acidity after every mouthful"
    ], 
    "Head": [
      "Violent headache, extending from forehead to occiput; first one eye, then the other", 
      "Vertigo with tendency to fall forward", 
      "Fullness in head", 
      "Pain in ears", 
      "Weight and pain in forehead"
    ], 
    "Mind": [
      "Can speak, but cannot understand speech", 
      "Fears apoplexy", 
      "Depressed; imagines he hears someone talking; dreads to be left alone", 
      "Fear of rain"
    ], 
    "Chest": [
      "Hemorrhage from lungs black as ink and watery; stitches in apex of right lung", 
      "Fainting caused by stooping", 
      "Sensation of a sponge in oesophagus", 
      "Oppression in going upstairs", 
      "Peeling off of skin from palms and fingers", 
      "Cough, with terrible pain through lungs", 
      "Worse right and expectoration of black blood", 
      "Coldness in chest after drinking"
    ], 
    "Sleep": [
      "Dreams about dead persons"
    ], 
    "Nose": [
      "Pain at root of nose", 
      "Ozaena; yellowish-green discharge", 
      "Mucous membrane wrinkled; nostrils plugged up with dry mucus", 
      "Chronic nasal catarrh, with fetid odor and greenish crusts", 
      "Pains from nose to ears on swallowing", 
      "Eruption about nose", 
      "Nostrils stopped up", 
      "Nasal bleeding"
    ], 
    "Female": [
      "Discharge of black blood between menses", 
      "Itching of vulva and vagina", 
      "Dysmenorrhoea, with black blood"
    ], 
    "Skin": [
      "Tips of fingers peel off", 
      "Itching eruption in axillae", 
      "Glands and skin of axillae affected; itching with tetter"
    ], 
    "Throat": [
      "Spasmodic contraction of esophagus; passage of fluids arrested", 
      "Thick, very offensive, dry, greenish-yellow crusts upon the posterior pharyngeal wall and extremely foul breath"
    ], 
    "Extremities": [
      "Knee-joints feel sprained", 
      "Vesicular eruptions on feet", 
      "Arms and hands swollen bluish", 
      "Icy cold feet", 
      "Pricking under the nails"
    ], 
    "Ears": [
      "Intolerable itching in ear", 
      "Sudden attack of nightly deafness, with roaring and crackling in ears, cracking in ears on swallowing", 
      "Cerumen black and hard, with difficult hearing, or serous greenish discharge, offensive; buzzing, and illusion of hearing"
    ]
  }, 
  "details": "Similar to snake-poisons generally. Has very marked BLACK DISCHARGES. COLD THINGS DISAGREE. Desire for sweetened buttermilk. Nausea and vomiting. Prostrating diarrhoea of consumption. Acidity of stomach, with faint feeling. Sudden pain in stomach. Spasm of oesophagus; pharynx constricted; food and liquids suddenly arrested, and then fall heavily into stomach. Spasms followed by paresis. COLD FEELING IN STOMACH. Fruits and ice-water lie very cold. RIGHT-SIDED PARALYSIS. Must have oscillatory motion. Rheumatic constitutions. Ear, nose and throat symptoms important. Preferable in otorrhoea and affections of right lung", 
  "dosage": "Sixth to thirtieth potency."
}