{
  "name": "Equisetum", 
  "Relationship": "Compare: HYDRANGEA; FERR. PHOS.; APIS; CANTH.; LINARIA; CHIMAPH. Equisetum contains silica in appreciable quantity.", 
  "Modalities": [
    "Worse: right side; movement", 
    "Worse: pressure", 
    "Worse: touch", 
    "Worse: sitting down;", 
    "Better: in afternoon from lying down"
  ], 
  "Common names": "Scouring-rush", 
  "symptoms": {
    "Urine": [
      "Involuntary urination", 
      "Severe, dull pain and feeling of fullness in bladder, not relieved by urinating", 
      "Much mucus in urine", 
      "Sharp, burning, cutting pain in urethra while urinating", 
      "Retention and dysuria during pregnancy and after delivery", 
      "Urine flows only drop by drop", 
      "Incontinence in old women, also with involuntary stools", 
      "Deep pain in region of right kidney, extending to lower abdomen, with urgent desire to micturate", 
      "Albuminuria", 
      "Frequent urging with severe pain at the close of urination", 
      "Incontinence in children, with dreams or night-mares when passing urine", 
      "Right lumbar region painful"
    ]
  }, 
  "details": "Principal action on the bladder. A remedy for enuresis and dysuria.", 
  "dosage": "Tincture, to sixth potency. A decoction, teaspoonful doses, or the tincture in hot water, is found useful to allay irritability of urinary tract, calculus, dysuria, etc.; also for pleuritis effusion and dropsy."
}