{
  "name": "Erigeron", 
  "Relationship": "Terebinthina similar.", 
  "Modalities": [
    "Worse: left side"
  ], 
  "Common names": "Leptilon Canadense Fleabane", 
  "symptoms": {
    "Female": [
      "Bright-red flow", 
      "Metrorrhagia, with violent irritation of rectum and bladder, and prolapsus uteri", 
      "Menorrhagia; profuse leucorrhoea; bloody lochia returns after least motion, comes in gushes; between periods, leucorrhoea with urinary irritation; pregnant women with weak uterus; a bloody discharge on slight exertion", 
      "Bleeding hemorrhoids; nosebleed instead of menses"
    ]
  }, 
  "details": "Hemorrhages are caused and cured by this remedy. Persistent hemorrhage from the bladder. Hemorrhage from the uterus, with painful micturition. PROFUSE BRIGHT-RED BLOOD. Pain in left ovary and hip. Chronic gonorrhea, with burning micturition; continual dribbling. DYSENTERY, with soreness and burning in bladder. TYMPANITES."
}