{
  "name": "Euphorbia lathyris", 
  "Relationship": "Antidoted by Rhus tox. (skin symptoms); Veratr. alb. (vomiting, purging, cough and coma).", 
  "Modalities": [
    "Worse: touch and cold air;", 
    "Better: close room and sweet-oil application"
  ], 
  "Common names": "Gopher-Plant, Caper Spurge", 
  "symptoms": {
    "Heart": [
      "Pulse 120, full, bounding, somewhat irregular", 
      "Weak and fluttering heart-action"
    ], 
    "Eyes": [
      "Almost closed from oedema of lids"
    ], 
    "Respiratory": [
      "Labored breathing", 
      "Cough; first a hacking, as from inhalation of sulphur; later on, paroxysmal, like whooping-cough, in regular paroxysms, ending in diarrhoea and vomiting, with sleepiness between each paroxysm", 
      "Breath cold, musty odor"
    ], 
    "Stomach": [
      "Nausea and vomiting of copious clear water, intermingled with white, gelatinous lumps"
    ], 
    "Urine": [
      "Copious flow of urine"
    ], 
    "Mind": [
      "Stupor, coma", 
      "Delirium and hallucinations"
    ], 
    "Stool": [
      "Drastic purgation from large doses; mild laxative condition from smaller doses; followed several weeks afterwards by obstinate constipation", 
      "Stools of white, transparent, gelatinous mucus; later mingled with blood"
    ], 
    "Face": [
      "Erythema, beginning on face, gradually extending into the hair parts, and then spreading over whole body, taking eight days to do so; eruption glossy, rough oedematous, with burning and smarting; aggravated by touch and cold air; ameliorated by close room and sweet-oil applications", 
      "At first ruddy glow on cheeks, afterwards death-like pallor", 
      "Fine bran-like desquamation", 
      "Sensation of cobwebs", 
      "Red, puffed, and in spots suppurating", 
      "Stinging, smarting, and burning of face when touched", 
      "Cold perspiration in beads on forehead"
    ], 
    "Fever": [
      "Body bathed in profuse perspiration, standing out like beads on forehead; later, cold, clammy perspiration on forehead", 
      "Temperature increased"
    ], 
    "Mouth": [
      "Tongue coated, slimy; acrid taste", 
      "Breath cold, musty odor"
    ], 
    "Nose": [
      "End of nose very much inflamed externally", 
      "Very sensitive and oedematous mucous membranes with ulceration"
    ], 
    "Skin": [
      "Fine bran-like desquamation following in the wake of the erythema", 
      "Erythema, beginning on uncovered parts, on face, and spreading over whole body; glossy, rough, oedematous, with burning and smarting", 
      "Eruption rough, scaly, smarting, and burning; when scratched forms deep, ragged ulcers; skin where ulcerated remains red"
    ], 
    "Sleep": [
      "Restlessness at night", 
      "Sleep disturbed, anxious dreams"
    ], 
    "Male": [
      "Inflammation of scrotum, resulting in deep acrid ulcers, with intense itching and burning; worse, touching the parts from washing"
    ]
  }, 
  "details": "The fresh milky juice is exceedingly acrid when applied to the skin and the fruit is highly purgative and poisonous. The juice causes redness, itching, pimples, sometimes gangrene. The symptoms point to its use in erysipelas, Poison Oak, etc. Rheumatic pains during rest. Paralytic, weakness in joints.", 
  "dosage": "Third to thirtieth potency."
}