{
  "symptoms": {
    "Stomach": [
      "Indigestion, furred tongue, headache after meals, especially in bilious, dark-haired persons"
    ], 
    "Urine": [
      "Frequent micturition at night, with full feeling and pressure in rectum", 
      "Pain along entire urethra", 
      "Smarting at neck of bladder and penis", 
      "Retention of urine"
    ], 
    "Extremities": [
      "Pain in right side of neck and down right arm", 
      "Hands covered with warts", 
      "Locomotor ataxia, ocular stage"
    ], 
    "Ears": [
      "Vascular deafness", 
      "Dental neuralgia, radiating towards ears and eyes", 
      "Humming in ears as from telegraph wires", 
      "Crackling in ears and low-pitched voice", 
      "Deafness before menses", 
      "Tinnitus"
    ]
  }, 
  "details": "It considered a great remedy to complete the action of other medicines. The symptom that specially calls for it is failure of the function of an organ under exertion: e.g., the voice fails after public speaking. Acts best in dark-haired patients, plethoric, with sensitive livers. Warts and epithelial growths; corns with yellowish discoloration. SENILE HYPERTROPHY OF THE PROSTATE. EPISTAXIS. Chronic deafness and tinnitus due to gout. Meatus dry. Pseudo-leucaemia. Buzzing in ears, deafness; chronic gout; epistaxis; prostatic troubles", 
  "Common names": "Picrate of Iron", 
  "name": "Ferrum picricum", 
  "dosage": "Second and third trituration."
}