{
  "name": "Ficus religiosa", 
  "Relationship": "Compare: ACALYPHA; MILLEFOL.; THLASPI; IPECAC.", 
  "Common names": "Ashwathya", 
  "symptoms": {
    "Head": [
      "Melancholic - quiet; burning at vertex; vertigo and slight headache"
    ], 
    "Respiratory": [
      "Difficult breathing; cough with vomiting of blood; pulse very weak"
    ], 
    "Stomach": [
      "Nausea, vomiting of bright red blood; pain and sick feeling in stomach"
    ]
  }, 
  "details": "This East Indian drug causes and cures Hemorrhages of many kinds. Hematemesis, menorrhagia, hemoptysis, etc. Bloody urine. Hemorrhages; menorrhagia, hematuria, epistaxis, hematemesis, bleeding piles", 
  "dosage": "First potency."
}