{
  "name": "Formalin", 
  "Relationship": "Antidote: AMMONIA WATER. Compare: AMMONIUM FORMALDEHYDE, known commercially as CYSTOGEN. (Dose, five to seven grains two to four times daily, dissolved in hot water, after meals. Prevents the decomposition of urine in the bladder, kidneys, and ureters. Turbid urine rendered clear and non-irritating; phosphatic deposits dissolved, and growth of pyogenic bacteria arrested). Also, UROTROPIN (A diuretic and solvent of uric acid concretions; relieves cystitis associated with putrefaction. Three to five grains well diluted. When administered invariably appears in the cerebrospinal fluid and therefore advised in threatened meningeal infection.)", 
  "Common names": "Aqueous Solution (35 per cent) of Formaldehyde Gas", 
  "symptoms": {
    "Head": [
      "Coryza; eyes water; vertigo"
    ], 
    "Respiratory": [
      "Whooping-cough", 
      "Dyspnoea", 
      "Laryngismus stridulus"
    ], 
    "Stomach": [
      "Burning in mouth and stomach", 
      "Food feels as if it were a ball in stomach"
    ], 
    "Urine": [
      "Anuria; albuminous urine"
    ], 
    "Mind": [
      "Forgetfulness", 
      "Anxiety", 
      "Unconscious"
    ], 
    "Abdomen": [
      "Intense urging to stool, watery stools"
    ], 
    "Fever": [
      "Chills in forenoon, followed by long fever", 
      "During fever forgets where he was", 
      "Bones ache during whole paroxysm"
    ], 
    "Mouth": [
      "Ptyalism, thick saliva; loss of taste"
    ], 
    "Skin": [
      "Damp sweat most marked on right upper extremity", 
      "Puckers skin like leather; wrinkles; scales off", 
      "Eczema in neighborhood of wound"
    ]
  }, 
  "details": "Is a powerful disinfectant and deodorant; a potent poison. Prevents growth and kills almost any pathogenic micro-organism. It seems to have the peculiar property of eating into malignant tumors, leaving the surrounding healthy tissue non-charred and unchanged. A plug of cotton wool soaked in a 20 per cent. solution of Formaldehyde, and applied for a few hours, will produce a necrotic slough, which must be scraped away before the next application, otherwise it hardens. FORMALIN IN HOT WATER AS VAPOR MOST VALUABLE THERAPEUTIC AGENT IN PERTUSSIS, phthisis, in catarrhal affections of upper air-passages.", 
  "dosage": "As vapor in hot water in respiratory affections; 1 per cent. spray, otherwise 3x potency."
}