{
  "name": "Fraxinus americana", 
  "Relationship": "Compare: FRAXINUS EXCELSIOR - European Ash - (GOUT; rheumatism. Infusion of ash-leaves. Rademacher). GALEGA - Goat's Rue - Backache; debility; anaemia and impaired nutrition. Increases the quantity and quality of the milk in nursing women, also the appetite). EPIPHEGUS; SEPIA; LILIUM.", 
  "Common names": "White Ash", 
  "symptoms": {
    "Head": [
      "Depression, with nervous restlessness, anxiety", 
      "Throbbing pain in back of head", 
      "Hot spot on top of head"
    ], 
    "Abdomen": [
      "Tenderness in left inguinal region; bearing-down pain, extending down thigh"
    ], 
    "Female": [
      "Uterus enlarged, and patulous watery, non-irritating leucorrhoea", 
      "Fibroids with bearing-down sensation, cramping in feet, worse in afternoon and night", 
      "Dysmenorrhoea"
    ]
  }, 
  "details": "Enlargement of the uterus. Fibrous growths, subinvolution, and prolapse. Uterine tumors, with bearing-down sensations. Fever sores on lips. Cramps in feet. Cold creeping and hot flashes. Infantile eczema.", 
  "dosage": "Ten to fifteen drops of tincture, three times a day."
}