{
  "name": "Gallicum acidum", 
  "Relationship": "Compare: ARS.; IOD.; PHOS.", 
  "Common names": "Gallic Acid", 
  "symptoms": {
    "Head": [
      "Thick, stringy discharge from nose; photophobia with burning of lids", 
      "Pain in back of head and neck"
    ], 
    "Respiratory": [
      "Dry at night", 
      "Much mucus in throat in the morning", 
      "Pain in lungs; pulmonary hemorrhage; excessive expectoration"
    ], 
    "Urine": [
      "Dull heavy pain in bladder, directly over pubis", 
      "Kidneys painful, distress along ureters into bladder", 
      "Urine loaded with thick, cream-colored mucus"
    ], 
    "Mind": [
      "Wild delirium at night; very restless, jumps out of bed; sweats; is afraid to be alone; is rude and abuses every one"
    ], 
    "Rectum": [
      "Chronic mucous discharges", 
      "Faint feeling after stool", 
      "Copious stool; anus feels constricted"
    ]
  }, 
  "details": "Should be remembered as a remedy in PHTHISIS. It checks the morbid secretions, gives tone to the stomach, and increases the appetite. Passive hemorrhages when pulse is feeble and capillaries relaxed, cold skin. Hematuria. Hemophilia. Itching of skin. PYROSIS.", 
  "dosage": "First trituration and pure acid 2 to 5 grain doses."
}