{
  "name": "Gaultheria", 
  "Relationship": "Compare: SPIRAEA. Gaultheria contains Arbutin. SALICYL. ACID. METHYLIUM SALICYLICUM (an artificial Gaultheria oil for rheumatism, especially when the salicylates cannot be used. Pruritus and epididymitis, locally). After CANTHARIS in burns.", 
  "Common names": "Wintergreen", 
  "symptoms": {
    "Head": [
      "Neuralgia of head and face"
    ], 
    "Stomach": [
      "Uncontrollable appetite, notwithstanding irritable stomach", 
      "Gastralgia from nervous depression", 
      "Acute gastritis, severe pain in epigastrium; prolonged vomiting"
    ], 
    "Skin": [
      "Intense erythema, worse, cold bathing; better, olive oil and cool air blowing on part", 
      "Smarting and burning"
    ]
  }, 
  "details": "Inflammatory rheumatism, pleurodynia, SCIATICA, and other neuralgias, come within the scope of this remedy. Cystic and prostatic irritation, undue sexual excitement, and renal inflammation.", 
  "dosage": "Tincture and lower potencies."
}