{
  "name": "Gelsemium", 
  "Relationship": "Compare: IGNATIA (gastric affections of cigar makers); BAPTISA; IPECAC.; ACON.; BELL.; CIMICIF.; MANGES. PHOS. (Gels contains some Magnes. phos.) CULEX - (vertigo on blowing the nose with fullness of the ears.) ANTIDOTES: China; Coffea; Dig. Alcoholic stimulants relieve all complaints where Gels. Is useful.", 
  "Modalities": [
    "Worse: damp weather", 
    "Worse: fog", 
    "Worse: before a thunderstorm", 
    "Worse: emotion", 
    "Worse: or excitement", 
    "Worse: bad news", 
    "Worse: tobacco-smoking", 
    "Worse: when thinking of his ailments; at ten am", 
    "Better: bending forward", 
    "Better: by profuse urination", 
    "Better: open air", 
    "Better: continued motion", 
    "Better: stimulants"
  ], 
  "Common names": "Yellow Jasmine", 
  "symptoms": {
    "Urine": [
      "Dysuria", 
      "Partial paralysis of bladder; flow intermittent", 
      "Profuse, clear, watery, with chilliness and tremulousness", 
      "Retention"
    ], 
    "Stool": [
      "Stool painless or involuntary", 
      "Diarrhoea from emotional excitement, fright, bad news", 
      "Partial paralysis of rectum and sphincter", 
      "Cream-colored , tea-green"
    ], 
    "Head": [
      "Delirious on falling asleep", 
      "Wants to have head raised on pillow", 
      "Pain in temple, extending into ear and wing of nose, chin", 
      "Dull, heavy ache, with heaviness of eyelids; bruised sensation; better, compression and lying with head high", 
      "Heaviness of head; band-feeling around and occipital headache", 
      "Headache, with muscular soreness of neck and shoulders", 
      "Vertigo, spreading from occiput", 
      "Scalp sore to touch", 
      "Headache preceded by blindness; better, profuse urination"
    ], 
    "Fever": [
      "Heat and sweat stages, long and exhausting", 
      "Chill, without thirst, along spine; wave-like, extending upward from sacrum to occiput", 
      "Chilliness up and down back", 
      "Nervous chills", 
      "Dumb-ague, with much muscular soreness, great prostration, and violent headache", 
      "Wants to be held, because he shakes so", 
      "Bilious remittent fever, with stupor, dizziness, faintness; thirstless, prostrated", 
      "Pulse slow, full, soft, compressible"
    ], 
    "Stomach": [
      "Sensation of emptiness and weakness at the pit of the stomach, or of an oppression, like a heavy load", 
      "Hiccough; worse in the evening", 
      "As a rule, the gelsemium patient has no thirst"
    ], 
    "Mouth": [
      "Tongue numb, thick, coated, yellowish, tremble, paralyzed", 
      "Putrid taste and breath"
    ], 
    "Respiratory": [
      "Spasm of the glottis", 
      "Aphonia; acute bronchitis, respiration quickened, spasmodic affections of lungs and diaphragm", 
      "Oppression about chest", 
      "Slowness of breathing, with great prostration", 
      "Dry cough, with sore chest and fluent coryza"
    ], 
    "Eyes": [
      "Albuminuric retinitis", 
      "Disturbed muscular apparatus", 
      "Corrects blurring and discomfort in eyes even after accurately adjusted glasses", 
      "One pupil dilated, the other contracted", 
      "Serous inflammations", 
      "Ptosis; eyelids heavy; patient can hardly open them", 
      "Bruised pain back of the orbits", 
      "Dim-sighted; pupils dilated and insensible to light", 
      "Orbital neuralgia, with contraction and twitching of muscles", 
      "Detached retina, glaucoma and descemetitis", 
      "Deep inflammations, with haziness of vitreous", 
      "Hysterical amblyopia", 
      "Double vision", 
      "Vision blurred, smoky"
    ], 
    "Face": [
      "Facial muscles contracted, especially around the mouth", 
      "Chin quivers", 
      "Neuralgia of face", 
      "Hot, heavy, flushed, besotted-looking", 
      "Dusky hue of face, with vertigo and dim vision", 
      "Lower jaw dropped"
    ], 
    "Nose": [
      "Watery, excoriating discharge", 
      "Swelling of turbinates", 
      "Sneezing; fullness at root of nose", 
      "Dryness of nasal fossae", 
      "Acute coryza, with dull headache and fever"
    ], 
    "Male": [
      "Scrotum continually sweating", 
      "Spermatorrhoea, without erections", 
      "Gonorrhea, first stage; discharge scanty; tendency to corrode; little pain, but much heat; smarting at meatus", 
      "Genitals cold and relaxed"
    ], 
    "Heart": [
      "Slow pulse", 
      "A feeling as if it were necessary to keep in motion, or else heart's action would cease", 
      "Weak, slow pulse of old age", 
      "Palpitation; pulse soft, weak, full and flowing", 
      "Pulse slow when quiet, but greatly accelerated on motion"
    ], 
    "Mind": [
      "Dullness, languor, listless", 
      "Absolute lack of fear", 
      "Emotional excitement, fear, etc., lead to bodily ailments", 
      "Discerningly lethargic", 
      "Bad effects from fright, fear, exciting news", 
      "Stage fright", 
      "Desire to be quiet, to be left alone", 
      "Apathy regarding his illness", 
      "Child starts and grasps the nurse, and screams as if afraid of falling", 
      "Delirious on falling to sleep"
    ], 
    "Back": [
      "Pain in muscles of back, hips, and lower extremities, mostly deep-seated", 
      "Dull aching in lumbar and sacral region, passing upward", 
      "Languor; muscles feel bruised", 
      "Dull, heavy pain", 
      "Complete relaxation of the whole muscular system", 
      "Pain in neck, especially upper sternocleidomastoid muscles", 
      "Every little exertion causes fatigue"
    ], 
    "Sleep": [
      "Yawning", 
      "Delirious on falling asleep", 
      "Cannot get fully to sleep", 
      "Insomnia from exhaustion; from uncontrollable thinking; tobacco", 
      "Sleepless from nervous irritation"
    ], 
    "Female": [
      "Pain extends to back and hips", 
      "Aphonia and sore throat during menses", 
      "Vaginismus", 
      "Sensation as if uterus were squeezed", 
      "Rigid os", 
      "Dysmenorrhoea, with scanty flow; menses retarded", 
      "False labor-pains; pains pass up back"
    ], 
    "Skin": [
      "Scarlet fever with stupor and flushed face", 
      "Hot, dry, itching, measle-like eruption", 
      "Retrocedent, with livid spots", 
      "Measles, catarrhal symptoms; aids in bringing out eruption", 
      "Erysipelas"
    ], 
    "Throat": [
      "Difficult swallowing, especially of warm food", 
      "Tonsillitis; shooting pain into ears", 
      "Throat feels rough, burning", 
      "Difficult swallowing", 
      "Pain from throat to ear", 
      "Aphonia", 
      "Swallowing causes pain in ear", 
      "Feeling of a lump in throat that cannot be swallowed", 
      "Itching and tickling in soft palate and nasopharynx", 
      "Post-diphtheritic paralysis", 
      "Pain in sternocleidomastoid, back of parotid", 
      "Tonsils swollen"
    ], 
    "Extremities": [
      "Loss of power of muscular control", 
      "Writer's cramp", 
      "Fatigue after slight exercise", 
      "Professional neuroses", 
      "Excessive trembling and weakness of all limbs", 
      "Cramp in muscles of forearm", 
      "Hysteric convulsions"
    ]
  }, 
  "details": "Centers its action upon the nervous system, causing various degree of MOTOR PARALYSIS. General prostration. DIZZINESS, DROWSINESS, DULLNESS, AND TREMBLING. Slow pulse, tired feeling, mental apathy. PARALYSIS of various groups of muscles about the eyes, throat, chest, larynx, sphincter, extremities, etc. Post-diphtheritic paralysis. MUSCULAR WEAKNESS. Complete relaxation and prostration. Lack of muscular coordination. General depression from heat of sun. Sensitive to a falling barometer; cold and dampness brings on many complaints. Children fear falling, grab nurse or crib. Sluggish circulation. Nervous affections of cigar makers. INFLUENZA. Measles. Pellagra.", 
  "dosage": "Tincture, to thirtieth attenuation; first to third most often used."
}