{
  "name": "Graphites", 
  "Relationship": "Complementary: ARGENT. NIT. (follows well in gastric derangements); CAUSTIC.; HEP.; LYCOP.; ARS.; TUBERC. Compare: PETROL.; SEP.; SULPH.; FLUOR-AC. The associated constipation with mucus-covered stools and gastric flatulency should be taken into consideration and differentiate it from such remedies as PETOL. and LYCOP. (Raue.) Antidote: NUX.; ACON.; ARS.", 
  "Modalities": [
    "Worse: warmth", 
    "Worse: at night", 
    "Worse: during and after menstruation", 
    "Better: in the dark", 
    "Better: from wrapping up"
  ], 
  "Common names": "(Black Lead) - Plumbago", 
  "symptoms": {
    "Urine": [
      "Turbid, with sediment", 
      "Sour smelling"
    ], 
    "Stool": [
      "Smarting, sore anus, itching", 
      "Burning hemorrhoids", 
      "Fissure of anus", 
      "Varices of the rectum", 
      "Constipation; large, difficult, knotty stools united by mucus threads", 
      "Lump stool, conjoined with threads of mucus", 
      "Prolapse, diarrhoea; stools of brown fluid, mixed with undigested substance, very fetid, sour odor"
    ], 
    "Head": [
      "Humid, itching eruption on hairy scalp, emitting a fetid odor", 
      "Feels numb and pithy", 
      "Rush of blood to head with flushed face also with nose bleed and distention and flatulence", 
      "Rheumatic pains on one side of head, extending to teeth and neck", 
      "Sensation of cobweb on forehead", 
      "Cataleptic condition", 
      "Headache in morning on waking, mostly on one side, with inclination to vomit", 
      "Burning on vertex"
    ], 
    "Stomach": [
      "Hot drinks disagree", 
      "Sweets nauseate", 
      "Pressure in stomach", 
      "Constrictive pain in stomach", 
      "Morning sickness during menstruation", 
      "Flatulence", 
      "Stomach pain is temporarily relieved by eating, hot drinks especially milk and lying down", 
      "Aversion to meat", 
      "Nausea and vomiting after each meal", 
      "Burning in stomach, causing hunger", 
      "Recurrent gastralgia", 
      "Eructation difficult"
    ], 
    "Abdomen": [
      "Nauseous feeling in abdomen", 
      "Chronic diarrhoea, stools, brownish, liquid, undigested, offensive", 
      "Pain of gas opposite the side on which he lies", 
      "Croaking in abdomen", 
      "Very fetid gas preceded by colic", 
      "Fullness and hardness in abdomen, as from incarcerated flatulence; must loosen clothing; presses painfully at abdominal ring", 
      "Inguinal region sensitive, swollen"
    ], 
    "Mouth": [
      "Rotten odor from mouth", 
      "Breath smells like urine", 
      "Sour eructations", 
      "Burning blisters on tongue, salivation"
    ], 
    "Respiratory": [
      "Inability to control the vocal chords; hoarseness on beginning to sing and for breaking voice", 
      "Pain in middle of chest, with cough, scraping and soreness", 
      "Constriction of chest; spasmodic asthmas, suffocative attacks wakes from sleep; must eat something", 
      "Chronic hoarseness with skin affections"
    ], 
    "Eyes": [
      "Eczema of lids; fissured", 
      "Eyelids red and swollen", 
      "Ophthalmia, with intolerance of artificial light", 
      "Blepharitis", 
      "Dryness of the lids"
    ], 
    "Face": [
      "Itching pimples", 
      "Erysipelas, burning and stinging", 
      "Eczema of nose", 
      "Moist eczema around mouth and chin", 
      "Feels as if cobwebs were on it"
    ], 
    "Nose": [
      "Smell abnormally acute; cannot tolerate flowers", 
      "Sore on blowing it; is painful internally", 
      "Scabs and fissures in nostrils"
    ], 
    "Male": [
      "Sexual debility, with increased desire; aversion to coition; too early or no ejaculation; herpetic eruption on organs"
    ], 
    "Ears": [
      "Detonation in ear like report of a gun", 
      "Cracking in ears when eating", 
      "Dryness of inner ear", 
      "Hears better in noise", 
      "Thin, white, scaly membrane covering membrana tympani, like exfoliated epithelium", 
      "Moisture and eruptions behind the ears", 
      "Hissing in the ears", 
      "Hardness of hearing", 
      "Fissures in and behind the ear"
    ], 
    "Mind": [
      "Fidgety while sitting at work", 
      "Want of disposition to work", 
      "Apprehensive, despondency, indecision", 
      "Music makes her weep", 
      "Great tendency to start timid unable to decide"
    ], 
    "Female": [
      "Decided aversion to coitus", 
      "Nipples sore, cracked, and blistered", 
      "Menses too late, with constipation; pale and scanty, with tearing pain in epigastrium, and itching before", 
      "Leucorrhoea, pale, thin, profuse, white, excoriating, with great weakness in back", 
      "Hoarseness, coryza, cough, sweats and morning sickness during menstruation", 
      "Mammae swollen and hard", 
      "Induration of ovaries and uterus and mammae"
    ], 
    "Skin": [
      "Swelling of feet", 
      "Chronic poison oak", 
      "Rawness in bends of limbs, groins, neck, behind ears", 
      "Pimples and acne", 
      "Gouty nodosities", 
      "Ulcers discharging a glutinous fluid, thin and sticky", 
      "Unhealthy skin; every little injury suppurates", 
      "Early stage of keloid and fibroma", 
      "Eruptions, oozing out a sticky exudation", 
      "Phlegmonous erysipelas of face; burning and stinging pain", 
      "Swelling and induration of glands", 
      "Rough, hard, persistent dryness of portions of skin unaffected by eczema", 
      "Wens", 
      "Cracks in nipples, mouth, between toes, anus"
    ], 
    "Extremities": [
      "Left hand numbs; arms feel asleep; finger-nails thick, black, and rough", 
      "Matrix inflamed", 
      "Nails brittle and crumbling", 
      "Pain in small of back with great weakness", 
      "Offensive perspiration of feet", 
      "Oedema of lower limbs", 
      "Nails deformed, painful, sore, thick, and crippled", 
      "Stiffness and contraction of toes", 
      "Spinal pains", 
      "Cracks or fissure in ends of fingers", 
      "Toe-nails crippled", 
      "Excoriation between thighs", 
      "Pain in nape of neck, shoulders and back and limbs"
    ]
  }, 
  "details": "Like all the carbons, this remedy is an anti-psoric of great power, but especially active in patients who are rather stout, of fair complexion, with tendency to skin affections and constipation, FAT, CHILLY, AND COSTIVE, with delayed menstrual history. Take cold easily. Children impudent, teasing, laugh at reprimands. Has a particular tendency to develop the skin phase of internal disorders. ERADICATES TENDENCY TO ERYSIPELAS. Anaemia with redness of face. Tendency to obesity. Swollen genitals. Gushing leucorrhoea. Aids absorption of cicatricial tissue. Induration of tissue. Cancer of pylorus. Duodenal ulcer.", 
  "dosage": "Sixth to thirtieth potency. Locally as a cerate, in sore nipples."
}