{
  "name": "Guaco", 
  "Relationship": "Compare: OXAL-AC.; LATHYR.; CAUST.", 
  "Modalities": [
    "Worse: from motion"
  ], 
  "Common names": "Mikania, Climbing Hemp Weed", 
  "symptoms": {
    "Urine": [
      "Increased, cloudy, phosphatic", 
      "Pain over region of bladder"
    ], 
    "Back": [
      "Pain along spine; worse, bending", 
      "Pain between scapula, extending to forearm", 
      "Burning in nape of shoulders", 
      "Weariness through hips and lumbar region"
    ], 
    "Female": [
      "Leucorrhoea copious, corroding, putrid, debilitating", 
      "Itching and smarting at night, as if fire were running out of parts"
    ], 
    "Throat": [
      "Tongue feels heavy, difficult to move", 
      "Larynx and trachea constricted; difficult deglutition"
    ], 
    "Extremities": [
      "Legs heavy", 
      "Pain about hip-joint", 
      "Pain in deltoid, shoulders, elbows, arms, and fingers", 
      "Paralysis of lower extremities", 
      "Pain in ankle-joints and soles"
    ]
  }, 
  "details": "Acts on nervous system and female organs. Antidote to bites of scorpions and serpents. (GOLONDRINA.) Cholera. BULBAR PARALYSIS. SYPHILIS. Cancer. Deafness - tongue heavy and difficult to move. SPINAL IRRITATION. Spinal symptoms most marked and verified. Beer drinkers threatened with apoplexy. DIARRHOEA AND DYSENTERY WITH ACHING IN SACRUM AND LOINS. Headache, red face. Heaviness and difficulty in moving tongue.", 
  "dosage": "Third to sixth potency."
}