{
  "name": "Aconitum napellus", 
  "Relationship": "Vinegar in large doses is antidotal to poisonous effects. Acids, wine and coffee, lemonade, and acid fruits modify its action. Not indicated in malarial and low fevers or hectic and pyemic conditions, and in inflammations when they localize themselves. SULPHUR often follows it. Compare CHAM. AND COFFEA INTENSE PAIN and sleeplessness. AGROSTIS acts like Acon. in fever and inflammations, also SPIRANTHES. Complementary: COFFEA;' SULPH. Sulphur may be considered a chronic Aconite. Often completes a cure begun with Aconite. Compare: Bell.; Cham.; Coffea; Ferr-p. Aconitine. - (Heavy feeling as of lead; pains in supraorbital nerve; ice-cold sensations creep up; hydrophobia symptoms. Tinnitus aurium 3X.) Tingling sensation. Aconitum Lycoctonum. Great yellow wolfsbane. - (Swelling of glands; Hodgkin's disease. Diarrhoea after eating pork. Itching of nose, eyes, anus and vulva. Skin of nose cracked; taste of blood.) Aconitum Cammarum. - (Headache with vertigo and tinnitus. Cataleptic symptoms. Formication of tongue, lips and face.) Aconitum ferox. Indian Aconite. Rather more violent in its actions than A. napellus. It is more diuretic and less anti-pyretic. It has proved valuable in cardia dyspnoea, neuralgia, and acute gout. Dyspnoea. Must sit up. Rapid respiration. Anxiety, with suffocation from feeling of paralysis in respiratory muscles. Cheyne-Stokes breathing. Quebracho (cardiac dyspnoea). (Achyranthes. A Mexican drug - very similar to Aconite in fevers, but of larger range, being also adapted to typhoidal states and intermittents. Muscular rheumatism. A great diaphoretic. Use 6X.) Eranthis hymnalis - (Winter Aconite - acts on solar plexus and works upwards causing dyspnoea. Pain in occiput and neck.)", 
  "Common names": "Monkshood", 
  "symptoms": {
    "Urine": [
      "Anxiety always on beginning to urinate", 
      "Renal region sensitive", 
      "Scanty, red, hot, painful", 
      "Burning in urethra", 
      "Profuse urination, with profuse perspiration and diarrhoea", 
      "Tenesmus and burning at neck of bladder", 
      "Urine suppressed, bloody", 
      "Retention, with screaming and restlessness, and handling of genitals"
    ], 
    "Head": [
      "Vertigo; worse on rising  and shaking head", 
      "Fullness; heavy, pulsating, hot, bursting, burning, undulating sensation", 
      "Burning headache, as if brain were moved by boiling water", 
      "Inter cranial pressure", 
      "Nocturnal furious delirium", 
      "Sensation on vertex as if hair were pulled or stood on end"
    ], 
    "Fever": [
      "Chilly if uncovered or touched", 
      "Dry heat, red face", 
      "Thirst and restlessness always present", 
      "Cold waves pass through him", 
      "Evening chilliness soon after going to bed", 
      "Cold sweat and icy coldness of face", 
      "Most valuable febrifuge with mental anguish, restlessness, etc. sweat drenching, on parts lain on; relieving all symptoms", 
      "Cold stage most marked", 
      "Coldness and heat alternate"
    ], 
    "Stomach": [
      "Intense thirst", 
      "Pressure in stomach with dyspnoea", 
      "Drinks, vomits, and declares he will die", 
      "Burning from stomach to oesophagus", 
      "Vomiting, bilious, mucous and bloody, greenish", 
      "Bitter taste of everything except water", 
      "Hematemesis", 
      "Vomiting, with fear, heat, profuse sweat and increased urination", 
      "Thirst for cold water"
    ], 
    "Abdomen": [
      "Hot, tense, tympanitic", 
      "Colic, no position relieves", 
      "Sensitive to touch", 
      "Abdominal symptoms better after warm soup", 
      "Burning in umbilical region"
    ], 
    "Mouth": [
      "Tongue coated white", 
      "Gums hot and inflamed", 
      "Teeth sensitive to cold", 
      "Tongue swollen; tip tingles", 
      "Constantly moves lower jaw as if chewing", 
      "Numb, dry, and tingling"
    ], 
    "Rectum": [
      "Bleeding hemorrhoids", 
      "Pain with nightly itching and stitching in anus", 
      "White with red urine", 
      "Frequent, small stool with tenesmus; green, like chopped herbs", 
      "They cry and complain much, are sleepless and restless", 
      "Choleraic discharges with collapse, and restlessness", 
      "Watery diarrhoea in children"
    ], 
    "Respiratory": [
      "Blood comes up with hawking", 
      "Very sensitive to inspired air", 
      "Child grasps at throat every time he coughs", 
      "Larynx sensitive", 
      "Stitches through chest", 
      "Shortness of breath", 
      "Constant pressure in left chest; oppressed breathing on least motion", 
      "Tingling in chest after cough", 
      "Hot feeling in lungs", 
      "Cough, dry, short, hacking; worse at night and after midnight", 
      "Hoarse, dry, croupy cough; loud, labored breathing"
    ], 
    "Eyes": [
      "Red, inflamed", 
      "Aversion to light", 
      "Profuse watering after exposure to dry, cold winds, reflection from snow, after extraction of cinders and other foreign bodies", 
      "Feel dry and hot, as if sand in them", 
      "Lids swollen, hard and red"
    ], 
    "Face": [
      "On rising the red face becomes deathly pale, or he becomes dizzy", 
      "Tingling in cheeks and numbness", 
      "Pain in jaws", 
      "Neuralgia, especially on left side, with restlessness, tingling, and numbness", 
      "One cheek red, the other pale", 
      "Red, hot, flushed, swollen"
    ], 
    "Nose": [
      "Mucous membrane dry, nose stopped up; dry or with but scanty watery coryza", 
      "Pain at root of nose", 
      "Coryza; much sneezing; throbbing in nostrils", 
      "Hemorrhage of bright red blood", 
      "Smell acutely sensitive"
    ], 
    "Male": [
      "Bruised pain in testicles, swollen, hard", 
      "Frequent erections and emissions", 
      "Painful erections", 
      "Crawling and stinging in glans"
    ], 
    "Ears": [
      "Earache", 
      "Very sensitive to noises; music is unbearable", 
      "External ear hot, red, painful, swollen", 
      "Sensation as of drop of water in left ear"
    ], 
    "Heart": [
      "Palpation, with anxiety, fainting, and tingling in fingers", 
      "Stitching pain in chest", 
      "Affections of the heart with pain in left shoulder", 
      "Temporal and carotid arteries felt when sitting", 
      "Pulse full, hard; tense and bounding; sometimes intermits", 
      "Tachycardia"
    ], 
    "Mind": [
      "Thinks his thoughts come from the stomach - that parts of his body are abnormally thick", 
      "Music is unbearable; makes her sad", 
      "Great fear, anxiety, and worry accompany every ailment, however trivial", 
      "Fears death but believes that he will soon die; predicts the day", 
      "Tendency to start", 
      "Feels as if what had just been done was a dream", 
      "Pains are intolerable; they drive him crazy", 
      "Forebodings and fears", 
      "Restlessness, tossing about", 
      "Imagination acute, clairvoyance", 
      "Delirium is characterized by unhappiness, worry, fear, raving, rarely unconsciousness", 
      "Fears the future, a crowd, crossing the street"
    ], 
    "Back": [
      "Numb, stiff, painful", 
      "Crawling and tingling, as if bruised", 
      "Stiffness in nape of neck", 
      "Bruised pain between scapulae"
    ], 
    "Sleep": [
      "Nightly ravings", 
      "Insomnia of the aged", 
      "Nightmare", 
      "Anxious dreams", 
      "Long dreams, with anxiety in chest", 
      "Sleeplessness, with restless and tossing about  starts up in sleep"
    ], 
    "Female": [
      "Sharp shooting pains in womb", 
      "Frenzy on appearance of menses", 
      "Vagina dry, hot, sensitive", 
      "Suppressed from fright, cold, in plethoric subjects", 
      "Ovaries congested and painful", 
      "After-pains, with fear and restlessness", 
      "Menses too profuse, with nosebleed, too protracted, late"
    ], 
    "Skin": [
      "Chilliness and formication down back", 
      "Rash like measles", 
      "Gooseflesh", 
      "Purpura miliaris", 
      "Formication and numbness", 
      "Pruritus relieved by stimulants", 
      "Red, hot, swollen, dry, burning"
    ], 
    "Throat": [
      "Red, dry, constricted, numb, prickling, burning, stinging", 
      "Tonsils swollen and dry"
    ], 
    "Extremities": [
      "Sensation as if drops of water trickled down the thigh", 
      "Numbness and tingling; shooting pains; icy coldness and insensibility of hands and feet", 
      "Bright red hypothenar eminences on both hands", 
      "Rheumatic inflammation of joints; worse at night; red shining swelling, very sensitive", 
      "Painless cracking of all joints", 
      "Hip-joint and thigh feel lame, especially after lying down", 
      "Pain down left arm  hot hands and cold feet", 
      "Weak and lax ligaments of all joints", 
      "Knees unsteady; disposition of foot to turn", 
      "Arms feel lame, bruised, heavy, numb"
    ]
  }, 
  "details": "A state of fear, anxiety; anguish of mind and body. PHYSICAL AND MENTAL RESTLESSNESS, fright, is the most characteristic manifestation of ACONITE. ACUTE, SUDDEN, AND VIOLENT INVASION, WITH FEVER, call for it. Does not want to be touched. Sudden and great sinking of strength. Complaints and tension caused by exposure to DRY, COLD WEATHER, draft of cold air, checked perspiration, also complaints from VERY HOT WEATHER, especially gastrointestinal disturbances, etc. First remedy in inflammation, inflammatory fevers. Serous membranes and muscular tissues affected markedly. Burning in internal parts; TINGLING, COLDNESS AND NUMBNESS. Influenza. TENSION of arteries; emotional and physical mental tension explain many symptoms. When prescribing Aconite remember Aconite causes only functional disturbance, no evidence that it can produce tissue change - its action is brief and SHOWS NO PERIODICITY. Its sphere is in the beginning of an acute disease and not to be continued after pathological change comes. In Hyperaemia, congestion not after exudation has set in. INFLUENZA (Influenzin).", 
  "dosage": "Sixth potency for sensory affections; first to third for congestive conditions. Must be repeated frequently in acute diseases. Acon. is a rapid worker. In Neuralgias tincture of the root often preferable, one drop doses (poisonous), or again, the 30th potency according to susceptibility of patient."
}