{
  "name": "Aletris farinosa", 
  "Relationship": "Compare: HELONIAS.; HYDRASTIS; TANACET.; CHINA.", 
  "Common names": "Star grass", 
  "symptoms": {
    "Stomach": [
      "Nervous dyspepsia", 
      "Disgust for food", 
      "Fainting spells, with vertigo", 
      "Vomiting during pregnancy", 
      "Flatulent colic", 
      "Least food causes distress"
    ], 
    "Mind": [
      "Fainting, with vertigo", 
      "Confused feelings", 
      "Cannot concentrate mind", 
      "Power and energy weakened"
    ], 
    "Mouth": [
      "Much frothy saliva"
    ], 
    "Female": [
      "Retarded and scanty flow", 
      "Muscular pains during pregnancy", 
      "Premature and profuse menses, with labor-like pains", 
      "Prolapse, with pain in right inguinal region", 
      "Leucorrhoea due to weakness and anemia", 
      "Uterus seems heavy", 
      "Habitual tendency to abortion"
    ], 
    "Rectum": [
      "Loads up with faeces - paretic condition", 
      "Stool large, hard, difficult, great pain"
    ]
  }, 
  "details": "An anaemic, relaxed condition, especially of the female organism, is portrayed by this remedy. The patient is TIRED ALL THE TIME, and suffers from prolapsus, leucorrhoea, rectal distress, etc. Marked anaemia. Chlorotic girls and pregnant women.", 
  "dosage": "Tincture to third potency."
}