{
  "name": "Ammonium muriaticum", 
  "Relationship": "Antidotes: Coffea; Nux; Caust.", 
  "Modalities": [
    "Worse: head and chest symptoms in the morning; abdominal symptoms in the afternoon"
  ], 
  "Common names": "Sal. Ammoniac", 
  "symptoms": {
    "Rectum": [
      "Hard, crumbly stool, or covered with glairy mucus", 
      "During and after stool, burning and smarting in rectum", 
      "Itching and hemorrhoids, soreness with pustules", 
      "Hemorrhoids after suppressed leucorrhoea", 
      "Stinging in perinaeum", 
      "Green mucus stools alternate with constipation"
    ], 
    "Eyes": [
      "Mist before eyes, optical illusions in incipient cataract; capsular cataract"
    ], 
    "Respiratory": [
      "Burning at small spots in chest", 
      "Hoarseness and burning in larynx", 
      "Oppression of chest", 
      "Cough loose in afternoon, with profuse expectoration and rattling of mucus", 
      "Dry, hacking, scraping cough; worse lying on back or right side", 
      "Stitches in chest", 
      "Cough with profuse salivation"
    ], 
    "Stomach": [
      "Thirst for lemonade, regurgitation of food, bitter water brash", 
      "Gnawing in stomach", 
      "Cancer of stomach", 
      "Epigastric pain immediately after eating", 
      "Nausea"
    ], 
    "Head": [
      "Feels full, compressed; worse mornings", 
      "Hair falls out, with itchiness and dandruff"
    ], 
    "Mind": [
      "Consequences of grief", 
      "Melancholy, apprehensive; like from internal grief", 
      "Desire to cry, but cannot"
    ], 
    "Back": [
      "Bruised pain in coccyx when sitting", 
      "Icy cold between shoulders; not relieved by warm covering, followed by itching", 
      "Backache, as if in a vise when sitting"
    ], 
    "Face": [
      "Inflammatory face ache", 
      "Mouth and lips sore and excoriated"
    ], 
    "Fever": [
      "Chilliness evenings after lying down and on awakening, without thirst", 
      "Sub acute, low fevers due to unhealthy climate", 
      "Lowest potencies", 
      "Heat in palms and soles"
    ], 
    "Nose": [
      "Obstructed, stuffy feeling; constant and unavailing efforts to blow it out", 
      "Free acrid, hot watery discharge corroding the lip", 
      "Itching", 
      "Sneezing", 
      "Loss of smell", 
      "Nose sore to touch; ulcerative pain in nostrils"
    ], 
    "Female": [
      "Menses too early, too free, dark, clotted; flow more at night", 
      "Diarrhoea, greenish mucous stools, and navel pain during menses", 
      "Pain as if sprained in left side of abdomen during pregnancy", 
      "Leucorrhoea, like white of an egg ; with pain about the navel; brown, slimy after every urination"
    ], 
    "Skin": [
      "Blisters on various parts", 
      "Intense burning better cold applications", 
      "Itching, generally evenings"
    ], 
    "Throat": [
      "Sore spot behind uvula, relieved by eating", 
      "Internal and external swelling of throat with viscid phlegm", 
      "So tough, it cannot be hawked up", 
      "Throbbing in, and swelling of tonsils, can scarcely swallow", 
      "Stricture of oesophagus", 
      "Tonsillitis"
    ], 
    "Abdomen": [
      "Much flatus", 
      "Chronic congestion of liver", 
      "Splenic stitches, especially in the morning, with difficult breathing", 
      "Pain around navel", 
      "Abdominal symptoms appear during pregnancy", 
      "Strained feeling in groin", 
      "Excessive fatty deposit around abdomen"
    ], 
    "Extremities": [
      "Shooting and tearing in tips of fingers and toes", 
      "Pain in feet during menses", 
      "Contraction of hamstring tendons", 
      "Pain as from ulceration in finger tips", 
      "Offensive sweaty feet", 
      "Ulcerative pain in heels", 
      "Sciatica, worse sitting, better lying", 
      "Neuralgic pain in amputated limbs"
    ]
  }, 
  "details": "A state of prostration bordering on a typhoid state is produced by this remedy. All mucous secretions are increased and retained. It is especially adapted to fat and sluggish patients who have respiratory troubles. Coughs associated with catarrhs and affections of liver. A tendency to irregular circulation, blood seems to be in constant turmoil, pulsations, etc. Many groups of symptoms are accompanied by cough, PROFUSE GLAIRY SECRETIONS. Its periods of aggravations are peculiarly divided as to the bodily region affected; thus the head and chest symptoms are worse mornings, the abdominal in the afternoon, the pains in the limbs, the skin and febrile symptoms, in the evenings. \"Boiling\" sensation.", 
  "dosage": "Third to sixth potency."
}