{
  "name": "Ammonium bromatum", 
  "Relationship": "Hyos.; Con.; Arg. nit.; Kali-bich.", 
  "Common names": "Bromide of Ammonia", 
  "symptoms": {
    "Eyes": [
      "Eyeballs feel large and pain around eyes into head", 
      "Edges of lids red and swollen, also meibomian glands"
    ], 
    "Respiratory": [
      "Feels suffocated; continuous cough, when lying down at night; sharp pain in lungs", 
      "Dry, spasmodic cough on lying down", 
      "Sudden, short cough, strangling", 
      "Wakes at three am with cough", 
      "Whooping cough", 
      "Tickling in trachea and bronchial tubes"
    ], 
    "Head": [
      "Feeling of a band above ears", 
      "Cerebral congestion", 
      "Sneezing; thick nasal discharge"
    ], 
    "Throat": [
      "Burning in fauces", 
      "Chronic speakers' catarrh", 
      "White, sticky mucus", 
      "Tickling in throat, with inclination to dry, spasmatic cough, especially at night", 
      "Smarting in mouth"
    ]
  }, 
  "details": "Indicated in chronic laryngeal and pharyngeal catarrh, neuralgic headaches, and obesity. Constrictive pain in head, chest, legs, etc. Irritable feeling under finger nails; relieved only by biting them.", 
  "dosage": "First potency."
}