{
  "name": "Ammonium carb", 
  "Relationship": "Inimical to LACHESIS. Similar in action. Antidotes: Arnica; Camphor. Compare: Rhus; Muriatic acid; Tartar emet. Of use in poisoning by charcoal fumes.", 
  "Modalities": [
    "Worse: evenings", 
    "Worse: from cold", 
    "Worse: wet weather", 
    "Worse: wet applications", 
    "Worse: washing", 
    "Worse: and during 3 to four am", 
    "Worse: during menses", 
    "Better: lying on painful side and on stomach; in dry weather"
  ], 
  "Common names": "Carbonate of Ammonia", 
  "symptoms": {
    "Urine": [
      "Urine white, sandy, bloody, copious, turbid and fetid", 
      "Tenesmus of bladder", 
      "Frequent desire; involuntary at night"
    ], 
    "Head": [
      "Pulsating forehead; better, pressure and in warm room", 
      "Shocks through head"
    ], 
    "Stomach": [
      "Great appetite, but easily satisfied", 
      "Flatulent dyspepsia", 
      "Pain at pit of stomach, with heartburn, nausea, water brash, and chilliness"
    ], 
    "Abdomen": [
      "Itching at anus", 
      "Protruding piles, worse after stool, better lying down", 
      "Stools difficult, hard, and knotty", 
      "Bleeding piles; worse during menses", 
      "Flatulent hernia", 
      "Noise and pain in abdomen"
    ], 
    "Mouth": [
      "Vesicles on tongue", 
      "Great dryness of mouth and throat", 
      "Pressing teeth together sends shocks through head, eyes, and ears", 
      "Taste sour; metallic", 
      "Toothache", 
      "Cracking of jaws on chewing"
    ], 
    "Respiratory": [
      "Winter catarrh, with slimy sputum and specks of blood", 
      "Cough every morning about three o'clock, with dyspnoea, palpitation, burning in chest; worse ascending", 
      "Emphysema", 
      "Hoarseness", 
      "Chest feels tired", 
      "Much oppression in breathing; worse after any effort, and entering warm room, or ascending even a few steps", 
      "Slow labored, stertorous breathing; bubbling sound", 
      "Pulmonary oedema", 
      "Asthenic pneumonia"
    ], 
    "Eyes": [
      "Asthenopia", 
      "Burning of eyes with aversion to light", 
      "Sore canthi", 
      "Eye-strain"
    ], 
    "Nose": [
      "Snuffles of children", 
      "Stoppage at night, with long-continued coryza", 
      "Tip of nose congested", 
      "Discharge of sharp, burning water", 
      "Epistaxis after washing and after eating", 
      "Cannot breathe through nose", 
      "Ozaena, blows bloody mucus from nose"
    ], 
    "Male": [
      "Erection without desire", 
      "Seminal emissions", 
      "Itching and pain of scrotum and spermatic cords"
    ], 
    "Ears": [
      "Shocks through ears, eyes, and nose, when gnashing teeth", 
      "Hardness of hearing"
    ], 
    "Heart": [
      "Audible palpitation with fear, cold sweat, lachrymation, inability to speak, loud breathing and trembling hands", 
      "Heart weak, wakes with difficult breathing and palpitation"
    ], 
    "Mind": [
      "Sad, weepy, unreasonable", 
      "Talking and hearing others talk affects greatly", 
      "Forgetful, ill-humored, gloomy during stormy weather", 
      "Uncleanliness"
    ], 
    "Sleep": [
      "Starts from sleep strangling", 
      "Sleepiness during the day"
    ], 
    "Female": [
      "Aversion to the other sex", 
      "Menses too frequent, profuse, early, copious, clotted, black; colicky pains, and hard, difficult stool, with fatigue, especially of thighs; yawning and chilliness", 
      "Itching, swelling and burning of pudendum", 
      "Leucorrhoea burning, acrid, watery"
    ], 
    "Skin": [
      "Faintly developed eruptions from defective vitality", 
      "Erysipelas in the aged, with brain symptoms", 
      "Scarlet rash", 
      "Eczema in the bends of extremities, between legs, about anus and genitals", 
      "Miliary rash", 
      "Malignant scarlatina", 
      "Violent itching and burning blisters"
    ], 
    "Throat": [
      "Tendency to gangrenous ulceration of tonsils", 
      "Enlarged tonsils and glands of neck", 
      "Burning pain all down throat", 
      "Diphtheria when nose is stopped up"
    ], 
    "Extremities": [
      "Hands cold and blue; distended veins", 
      "Fingers swell when arm is hanging down", 
      "Panaritium, deep-seated periosteal pain", 
      "Tearing in ankle and bones of feet, better when warm in bed", 
      "Tearing in joints relieved by heat of bed; inclination to stretch limbs", 
      "Felons in the beginning", 
      "Heel painful on standing", 
      "Cramps in calves and soles", 
      "Big toe painful and swollen"
    ]
  }, 
  "dosage": "Lower potencies deteriorate with age. Sixth potency best for general use."
}