{
  "name": "Anagallis", 
  "Relationship": "Anagallis contains Saponin, q.v. Compare: Cyclamen; Primula obcon.", 
  "Common names": "Scarlet Pimpernel", 
  "symptoms": {
    "Head": [
      "Great hilarity; headache over supraorbital ridges, with rumbling in bowels and eructations; better from coffee", 
      "Sick headache", 
      "Pain in facial muscles"
    ], 
    "Urine": [
      "Urine passes in several streams; must press before it passes", 
      "More or less irritation in urethra, inclining to coition", 
      "Burning pain on urinating, with agglutination of orifice"
    ], 
    "Skin": [
      "Ulcers and swellings on joints", 
      "Itching; dry, bran-like eruption, especially on hands and fingers", 
      "Palms especially affected", 
      "Vesicles in groups"
    ], 
    "Extremities": [
      "Rheumatic and gouty pains", 
      "Pain in shoulder and arm", 
      "Cramp in ball of thumbs and fingers"
    ]
  }, 
  "details": "Marked action on skin, characterized by great itching and tingling everywhere. Favors expulsion of splinters. An old medicine for hydrophobia and dropsy. Possesses power of softening flesh and destroying warts.", 
  "dosage": "First to third potency."
}