{
  "name": "Anhalonium", 
  "Relationship": "Compare AGAVE. The intoxication of ANHALONIUM is similar to that of CANNABIS AND OENANTHE.", 
  "Common names": "Mescal Button", 
  "symptoms": {
    "Head": [
      "Exaggerated reverberation of ordinary sounds", 
      "Fantastic, brilliant, moving colored objects", 
      "Pupils dilated, vertigo, brain tired", 
      "Affected by beating time", 
      "Polychrome spectra", 
      "Aches, with disturbed vision"
    ], 
    "Mind": [
      "Difficult enunciation", 
      "Distrust and resentment", 
      "Loss of conception of time", 
      "Lazy contentment"
    ]
  }, 
  "details": "Mescal is a strong intoxicating spirit distilled from PULQUE FUERTE. Pulque is made from the Agave Americana of Mexico, locally known as Maguey and is the national beverage of Mexico. Indians call it Peyote. It weakens the heart, produces insanity. Its most striking effects appear in the AUDITORY NERVE for it makes \"each note upon the piano a center of melody which seems to be surrounded by a halo of color pulsating to the rhythm of the music.\" (Hom. World.) Causes a form of intoxication accompanied by wonderful visions, remarkably beautiful and varied kaleidoscopic changes, and a sensation of increased physical ability. Also visions of monsters and various gruesome forms. A cardiac tonic and respiratory stimulant. Hysteria and insomnia. A remedy for brain-fag, delirium, megrim, hallucinations, with colored brilliant visions. Motor incoordination. Extreme muscular depression; increased patellar reflex. Paraplegia. Time sense disordered; time periods enormously overestimated; thus, minutes seem hours, etc.", 
  "dosage": "Tincture."
}