{
  "symptoms": {}, 
  "details": "Found useful in EMPHYSEMA WITH EXCESSIVE DYSPNEA and cough, much mucous secretion. Worse on eating and lying down. Catarrhal pneumonia associated with influenza. Myocarditis and cardiac weakness. Pleurisy especially of left side, WITH EXUDATION, and pericarditis, with effusion. Sense of weakness. Inflammation of eyes and oedema of face. Chest inflammations of children, restlessness with thirst and prostration, loose mucous cough, oppression, hurried respiration, crepitant rales.", 
  "Common names": "Arsenite of Antimony", 
  "name": "Antimonium arsenicosum", 
  "dosage": "Third trituration."
}