{
  "symptoms": {
    "Extremities": [
      "Pain in all joints", 
      "Swelling of hands and feet", 
      "Pain in toes and soles", 
      "Profuse sweat, with much heat in soles", 
      "Tingling pain in toes", 
      "Cramps in soles", 
      "Violent heat in soles"
    ]
  }, 
  "details": "The rheumatic symptoms of this remedy promise most curative results. Its pains are of a wandering nature, with much stiffness and drawing. Everything smells and tastes like honey. Worms. Trembling and prostration. Swollen sensations.", 
  "Common names": "Dog bane", 
  "name": "Apocynum androsaemifolium", 
  "dosage": "Tincture and first potency."
}