{
  "symptoms": {}, 
  "details": "The chief power of this drug lies in the speedy and effective vomiting that it produces, which becomes a strong guiding symptom to its homeopathic use. The vomiting is preceded by nausea, lassitude and increased secretion of sweat, saliva, mucus and tears. Pneumonia with vomiting. COMBINED ALCOHOLISM, with constant nausea, constipation, insomnia. Head and Stomach. Vertigo. Dilated pupils. NAUSEA AND VOMITING. Violent inclination to vomit. Hot feeling all over body; especially head. Empty retching and headache; heartburn; pain between shoulder-blades. Reflex vomiting - pregnancy. SEASICKNESS.", 
  "Common names": "Alkaloid from Decomposition of Morphine by Hydrochloric Acid", 
  "name": "Apomorphia", 
  "dosage": "Third to sixty potency. Non-Homeopathic Uses. The hypodermic injection of one-sixteenth of a grain will cause full emesis within five to fifteen minutes in an adult without developing any other direct action apparently. Do not use in opium poisoning. APOMORPH., hypodermically, one-thirtieth grain or less, acts as a safe and sure hypnotic. Acts well even in delirium. Sleep comes on in half an hour."
}