{
  "name": "Aragallus lamberti", 
  "Relationship": "Compare: Astragalus and Oxytropis, two varieties of Loco Weed; also Baryta.", 
  "Common names": "White Loco Weed - Rattle Weed", 
  "symptoms": {
    "Head": [
      "Cracking of lower lip", 
      "Burning in eyes", 
      "Diplopia"
    ], 
    "Respiratory": [
      "Oppression", 
      "Weight on chest in region of ensiform cartilage", 
      "Constriction as of a wide band", 
      "Soreness of chest under sternum"
    ], 
    "Mind": [
      "Desires to be alone", 
      "Bewildered", 
      "Lack of ambition", 
      "Cross, irritable, restless", 
      "Cannot study", 
      "Defective expression in writing", 
      "Great depression; worse in morning or evening", 
      "Difficulty in concentrating mind, absent-minded", 
      "Mental confusion and apathy", 
      "Restlessness and aimless wandering", 
      "Must concentrate his mind on walking"
    ], 
    "Throat": [
      "Sore with nausea", 
      "Aches", 
      "Feels full", 
      "Pharynx dark, swollen, glazed"
    ], 
    "Extremities": [
      "Weakness of limbs", 
      "Cramps of muscles on front of led while walking", 
      "Pain in left sciatic nerve"
    ]
  }, 
  "details": "Acts principally on nervous system, producing a bewildered, confused state. Symptoms of incoordination and paralysis. Locomotor ataxia. Tired in the morning. Baryta; Oxytropis.", 
  "dosage": "Sixth and two hundredth potencies."
}