{
  "symptoms": {
    "Head": [
      "Throat very dry, pain on swallowing", 
      "Head hot", 
      "Throbbing headache in eyes and temples"
    ], 
    "Stomach": [
      "Feels sick, like vomiting", 
      "Belching and passing gas", 
      "No appetite", 
      "Griping in pit of stomach"
    ], 
    "Urine": [
      "Changing color", 
      "Passes less urine"
    ], 
    "Female": [
      "Diminished sexual desire with weakness", 
      "Menses suppressed"
    ], 
    "Extremities": [
      "Feet swollen", 
      "Left knee stiff and painful"
    ]
  }, 
  "details": "Colicky cramp and spasm of bowels. Painful neuromuscular conditions, preventing sleep. Rheumatic disease associated with Bright's disease. (D. MacFarlan.)", 
  "Common names": "Prickly Poppy", 
  "name": "Argemone mexicana", 
  "dosage": "Sixth potency. Fresh juice is applied to ulcers and warts."
}