{
  "name": "Aristolochia milhomens", 
  "Relationship": "Compare: Aristolochia Serpentaria - Virginia Snake Root - (Symptoms of intestinal tract; colliquative diarrhoea, meteorism. Flatulent dyspepsia. Brain congestion. Distention and cutting pains in abdomen. Symptoms like those of Poison-Oak.)", 
  "Common names": "Brazilian Snake Root", 
  "symptoms": {}, 
  "details": "Stitching pains in various parts. Pain in tendo-Achilles; diabetes. Pain in heels, burning in anus and frequent irritation. Flatulence in stomach and abdomen. Pain in back and extremities. Stiffness of legs. Pain in tendo-Achillis. Itching and swelling around the malleoli.", 
  "dosage": "Lower potencies."
}