{
  "name": "Balsamum peruvianum", 
  "Relationship": "BALSAMUM TOLUTANUM - the balsam of Myroxylon toluifera - (chronic bronchitis with profuse expectoration). OLEUM CARYOPHYLLUM - oil of cloves - in PROFUSE expectoration - 3 to 5 minims in milk or capsules).", 
  "Common names": "Peruvian Balsam from Myroxylon Pereirae", 
  "symptoms": {
    "Stomach": [
      "Vomiting of food and mucus", 
      "Catarrh of stomach"
    ], 
    "Urine": [
      "Scanty; much mucus sediment", 
      "Catarrh of bladder"
    ], 
    "Chest": [
      "Very loose cough", 
      "Bronchitis, and phthisis, with mucopurulent, thick, creamy expectoration", 
      "Hectic fever and night-sweats, with irritating, short cough and scanty expectoration", 
      "Loud rales in chest"
    ], 
    "Nose": [
      "Profuse, thick discharge", 
      "Eczema, with ulceration", 
      "Chronic, fetid, nasal catarrh"
    ]
  }, 
  "details": "Useful in bronchial catarrh, with copious, purulent expectoration. DEBILITY; HECTIC FEVER.", 
  "dosage": "First attenuation: In hectic 6x. Extra homeopathic uses locally - As a stimulant to raw surfaces in indolent ulcers, scabies, cracked nipples, rhagades, itch. Promotes granulation, removes fetor. A one per cent solution in alcohol or ether may be used with the atomizer in respiratory affections. Internally, as an expectorant, in chronic bronchitis. Dose, 5 to 15M, made into an emulsion with mucilage or yolk of egg."
}