{
  "name": "Benzoicum acidum", 
  "Relationship": "Useful after Colchic. fails in gout; after Copaiva in gonorrhea. Compare: Nitric acid; Ammon. benz.; Sabina; Tropoeleum - Garden Nasturtium - (fetid urine). Antidote: Copaiva. Incompatible: Wine.", 
  "Modalities": [
    "Worse: in open air; by uncovering"
  ], 
  "Common names": "Benzoic Acid", 
  "symptoms": {
    "Head": [
      "Ulceration of tongue", 
      "Noises when swallowing", 
      "Cold sweat on forehead", 
      "Pricking, puckered constriction of mouth, bluish and bleeding gums", 
      "Swelling behind ears", 
      "Vertigo inclination to fall sideways", 
      "Wens", 
      "Throbbing in temporal arteries, causes puffing around ears"
    ], 
    "Fever": [
      "Internal heat on awakening", 
      "Chilliness; cold sweat", 
      "Cold hands, feet, back, knees"
    ], 
    "Stomach": [
      "Sweat while eating; pressure in stomach, sensation of a lump"
    ], 
    "Urine": [
      "Vesical catarrh from suppressed gonorrhea", 
      "Excess of uric acid", 
      "Enuresis; dribbling, offensive urine of old men", 
      "Cystitis", 
      "Repulsive odor; changeable color; brown, acid"
    ], 
    "Rectum": [
      "Puckering constriction of rectum", 
      "Itching and watery elevations around anus", 
      "Stitches and constricted feeling"
    ], 
    "Mind": [
      "Omits words in writing", 
      "Prone to dwell on unpleasant things in the past", 
      "Depression"
    ], 
    "Stool": [
      "Frothy, offensive, liquid, light-colored, like soapsuds, bowel movements mostly windy"
    ], 
    "Back": [
      "Pressure on spinal column", 
      "Coldness in sacrum", 
      "Dull pain in region of kidneys; worse, wine"
    ], 
    "Face": [
      "Circumscribed redness of cheeks", 
      "Copper-colored spots", 
      "Red, with little blisters"
    ], 
    "Respiratory": [
      "Asthmatic cough; worse night; lying on right side", 
      "Chest very tender", 
      "Expectoration, green mucus", 
      "Hoarse in morning", 
      "Pain in region of heart"
    ], 
    "Nose": [
      "Itching of septum", 
      "Pain in nasal bones"
    ], 
    "Skin": [
      "Itching in spots", 
      "Red spots"
    ], 
    "Abdomen": [
      "Stitching in liver region", 
      "Cutting about navel"
    ], 
    "Extremities": [
      "Pain and swelling in knees", 
      "Gouty deposits", 
      "Joints crack on motion", 
      "Tearing with stitches", 
      "Tearing pain in great toe", 
      "Bunion of great toe", 
      "Rheumatic gout; nodes very painful", 
      "Ganglion; swelling of the wrist", 
      "Pain in tendo achills"
    ]
  }, 
  "details": "The most marked characteristic pertains to the odor and color of the urine. It has a marked action on metabolism. It produces and cures symptoms of a uric acid diathesis, with urine highly colored and very offensive, and gouty symptoms. Renal insufficiency. Child wants to be nursed in the arms, will not be laid down. Pains suddenly change their locality. Anti-sycotic. Gouty and asthmatic.", 
  "dosage": "Third to sixth potency."
}