{
  "name": "Bovista", 
  "Relationship": "Bovista antidotes tar applications. Suffocation from gas. After Rhus in chronic urticaria. Compare: Calc.; Rhus; Sepia; Cicuta.", 
  "Common names": "Puff-Ball", 
  "symptoms": {
    "Head": [
      "Discharge from nose stringy, tough", 
      "Stammering  scalp itches; worse, warmth; sensitive; must scratch until sore", 
      "Sensation as if head were enlarging, especially of occiput", 
      "Distensive headache; worse early morning, open air, lying", 
      "Dull, bruised pain in brain"
    ], 
    "Stomach": [
      "Sensation as of a lump of ice", 
      "Intolerant of tight clothing around waist"
    ], 
    "Mind": [
      "Enlarged sensation", 
      "Sensitive", 
      "Awkward; everything falls from hands"
    ], 
    "Abdomen": [
      "Colic, with red urine; relieved by eating", 
      "Chronic diarrhoea of old people; worse at night and early morning", 
      "Stitches through perineum towards rectum and genitals", 
      "Pain around umbilicus", 
      "Must bend double"
    ], 
    "Face": [
      "Acne worse in summer; due to use of cosmetics", 
      "Cheeks and lips feel swollen", 
      "Scurf and crusts about nostrils and corners of mouth", 
      "Lips chapped", 
      "Bleeding of nose and gums"
    ], 
    "Female": [
      "Soreness of pubes during menses", 
      "Voluptuous sensation", 
      "Metrorrhagia; parovarian cysts", 
      "Leucorrhoea acrid, thick, tough, greenish, follows menses", 
      "Diarrhoea before and during menses", 
      "Cannot bear tight clothing around waist  traces of menses between menstruation", 
      "Menses too early and too profuse; worse at night"
    ], 
    "Skin": [
      "Pellagra", 
      "Urticaria on excitement; with rheumatic lameness, palpitation and diarrhoea", 
      "Itching on getting warm", 
      "Pruritis ani", 
      "Blunt instruments leave deep impression on the skin", 
      "Urticaria on waking in the morning, worse from bathing", 
      "Pimples cover the entire body; scurvy; herpetic eruptions", 
      "Eczema, moist; formation of thick crusts"
    ], 
    "Extremities": [
      "Great weakness of all joints; clumsiness with her hands, drops things from hands", 
      "Tip of coccyx itches intolerably", 
      "Itching of feet and legs", 
      "Moist eczema on back of hand", 
      "Weariness of hands and feet", 
      "Sweat in axillae; onion smell", 
      "Oedema in joints after fracture"
    ]
  }, 
  "details": "Has a marked effect on the skin, producing eruption like eczema, also upon the circulation, predisposing to Hemorrhages; marked languor and lassitude. Adapted to stammering children, old maids with palpitation; and \"tettery\" patients. Stage of numbness and tingling in multiple neuritis. Asphyxia due to charcoal fumes.", 
  "dosage": "Third to sixth potency."
}