{
  "name": "Cadmium sulphuricum", 
  "Relationship": "Compare: Cadmium oxide; Cad. brom. (pain and burning in stomach and vomiting); Cadmium jodat. (Itching of anus and rectum felt during the day only; constipation, frequent desire, tenesmus, abdomen bloated); Zinc.; Ars.; Carbo; Verat.", 
  "Modalities": [
    "Worse: walking or carrying burdens; after sleep; from open air", 
    "Worse: stimulants", 
    "Better: eating and rest"
  ], 
  "Common names": "Cadmic Sulphate", 
  "symptoms": {
    "Mind": [
      "Vertigo; room and bed seem to spin around", 
      "Unconscious"
    ], 
    "Stool": [
      "Gelatinous, yellowish green; semi-fluid, with urinary suppression", 
      "Bloody, black, and offensive"
    ], 
    "Eyes": [
      "Blue circle around eyes", 
      "Night blindness", 
      "One pupil dilated", 
      "Opacity of cornea"
    ], 
    "Fever": [
      "Icy coldness  yellow fever"
    ], 
    "Stomach": [
      "Carcinoma, helps the persistent vomiting", 
      "Burning and cutting pains in stomach", 
      "Coffee ground vomiting", 
      "Black vomit", 
      "Vomiting of mucus, green slime, blood, with great prostration, and great tenderness over the stomach", 
      "Violent nausea, retching", 
      "Soreness in pit of stomach on pressure"
    ], 
    "Abdomen": [
      "Region of liver sore", 
      "Pain in abdomen, with vomiting", 
      "Black, offensive clots of blood from bowels", 
      "Tenderness and tympanites", 
      "Coldness", 
      "Sore, tender, tympanitic"
    ], 
    "Mouth": [
      "Difficult swallowing", 
      "Intense nausea, with pain and cold", 
      "Stringy, offensive exudation on mucous membrane", 
      "Salty belching", 
      "Salty taste", 
      "Oesophagus constricted"
    ], 
    "Head": [
      "Hammering in head", 
      "Heat in head"
    ], 
    "Face": [
      "Facial paralysis; more left side", 
      "Distortion of mouth", 
      "Trembling of jaw"
    ], 
    "Nose": [
      "Tightness at root", 
      "Nostrils ulcerated", 
      "Boils on nose", 
      "Nose obstructed; polypus", 
      "Caries of nasal bones", 
      "Ozoena"
    ], 
    "Heart": [
      "Palpitation, with constriction of chest"
    ], 
    "Urine": [
      "Rawness and soreness in urethra, urine mixed with pus and blood"
    ], 
    "Sleep": [
      "Stops breathing on going to sleep", 
      "Wakes up suffocating", 
      "Fears to go to sleep again", 
      "Protracted sleeplessness"
    ], 
    "Skin": [
      "Chilblains", 
      "Itching; better scratching", 
      "Chloasma, yellowish stains on nose and cheeks; worse exposure to sun and wind", 
      "Blue, yellow, sallow, scaly, cracking"
    ], 
    "Throat": [
      "Sore throat, constant tickling; gagging and nausea, worse deep breathing; chilliness and aching"
    ]
  }, 
  "details": "Its pathogenesis gives symptoms corresponding to very low forms of disease, as in cholera, YELLOW FEVER, where, with exhaustion, vomiting, and EXTREME PROSTRATION, the disease runs death ward. Important gastric symptoms. Carcinoma ventriculi; persistent vomiting. The attack is upon the stomach more especially. Patients must keep quiet. CHILLINESS AND COLDNESS even when near the fire.", 
  "dosage": "Third to thirtieth potency."
}