{
  "name": "Calcarea silicata", 
  "Relationship": "Compare: Arsenic; Tubercul.; Baryt. carb.; Iod.", 
  "Common names": "Silicate of Lime", 
  "symptoms": {
    "Head": [
      "Corneal exudation", 
      "Vertigo, head cold, especially at vertex; catarrh of nose and posterior nares, discharge thick, yellow, hard crusts"
    ], 
    "Respiratory": [
      "Coughs with coldness, weakness, emaciation, sensitiveness and peevishness, worse from cold air", 
      "Pain in chest walls", 
      "Copious, yellow-green mucus", 
      "Difficult respiration", 
      "Sensitive to cold air", 
      "Chronic irritation of air passages"
    ], 
    "Stomach": [
      "Sinking sensation at pit", 
      "Vomiting and eructations", 
      "Sensation of coldness, especially when empty", 
      "Great thirst", 
      "Flatulence and distention after eating"
    ], 
    "Mind": [
      "Fearful", 
      "Absent-minded, irritable, irresolute, lacks self-confidence"
    ], 
    "Female": [
      "Uterus heavy, prolapsed", 
      "Leucorrhoea, painful and irregular menses", 
      "Flow between periods"
    ], 
    "Skin": [
      "Pimples, comedones, wens", 
      "Itching, burning, cold and blue, very sensitive", 
      "Psoric eruptions"
    ]
  }, 
  "details": "A deep, long acting medicine for complaints which come on slowly and reach their final development after long periods. Hydrogenoid constitution (Nat-sulph.). Very sensitive to COLD. PATIENT IS WEAK, EMACIATED, COLD AND CHILLY, BUT WORSE FROM BEING OVERHEATED; sensitive generally. Atrophy of children.", 
  "dosage": "All potencies from lowest to high."
}