{
  "symptoms": {
    "Mind": [
      "Directions appear reversed, i.e, north seems south, and east seems west", 
      "Hysteria; weeping and laughing alternately", 
      "Trance-like state"
    ]
  }, 
  "details": "It is said to intensify the action of Quinine and render it more permanent. NERVOUS EXCITABILITY is the guiding condition. Suppression of milk. Nightly emissions. Painful erections. Paralysis agitans. Cholera infantum, and infantile convulsions. Intensifies the action of Quinine and renders it more permanent.", 
  "Common names": "Mono-bromide of Camphor", 
  "name": "Camphora mono-bromata", 
  "dosage": "Second trituration."
}