{
  "name": "Cannibis sativa", 
  "Relationship": "Antidotes: Camph.; Lemon juice. Compare: Hedysarum - Brazilian Burdock - (Gonorrhea and inflammation of penis); Canth.; Apis; Copaiva; Thuj.; Kal. nit.", 
  "Modalities": [
    "Worse: lying down; going upstairs"
  ], 
  "Common names": "Hemp", 
  "symptoms": {
    "Heart": [
      "Painful strokes and tension with palpitation", 
      "Pericarditis", 
      "Sensation as if drops were falling from the heart"
    ], 
    "Eyes": [
      "Gonorrheal ophthalmia", 
      "Cataract from nervous disturbances, abuse of alcohol and tobacco; patient feels deeply approaching blindness", 
      "Scrofulous eye troubles", 
      "Pressure from back of eyes, forward", 
      "Eyeballs ache", 
      "Opacity of cornea", 
      "Misty sight"
    ], 
    "Respiratory": [
      "Weight on chest; rattling wheezing breathing", 
      "Cough, with green viscid, also bloody, expectoration", 
      "Oppression of breathing and palpitation; must stand up"
    ], 
    "Urine": [
      "Dragging in testicles", 
      "Inflamed sensation, with soreness to touch", 
      "Painful urging", 
      "Urethral caruncle , phimosis", 
      "Micturition in split stream", 
      "Zigzag pain along urethra", 
      "Sexual overexcitement", 
      "Stitches in urethra", 
      "Gonorrhea, acute stage; urethra very sensitive", 
      "Urine scalding, with spasmodic closure of sphincter", 
      "Walks with legs apart", 
      "Stoppage of urethra by mucus and pus", 
      "Burning while urinating, extending to bladder", 
      "Retained, with obstinate constipation"
    ], 
    "Head": [
      "Pressure on root of nose", 
      "Lectophobia", 
      "Vertigo; sensation of dropping water on head"
    ], 
    "Sleep": [
      "Sleepy during day", 
      "Frightful dreams", 
      "More tired in morning"
    ], 
    "Female": [
      "Amenorrhoea when physical powers have been overtaxed, also with constipation"
    ], 
    "Extremities": [
      "Contraction of fingers after a sprain", 
      "Paralytic tearing pains", 
      "Feet feel heavy on going upstairs", 
      "Dislocation of patella on going upstairs", 
      "Affections of the ball of the foot and under part of toes"
    ]
  }, 
  "details": "Seems to affect especially the urinary, sexual, and respiratory organs. It has characteristic sensations as of dropping water. Great fatigue, as from over-exertion; weary after meals. Choking in swallowing; things go down the wrong way. STUTTERING. Confusion of thought and speech. Wavering speech, hasty, incoherent.", 
  "dosage": "Tincture to third attenuation. In stuttering the 30th."
}