{
  "name": "Carbo animalis", 
  "Relationship": "The Carbon group all have putrid discharges and exhalations. All act on the skin, causing intertrigo and excoriations. Glandular enlargements and catarrhal states, flatulency and asphyxiation. Carbon Tetrachloride is said to cause fatty liver. (Phosph.; Rs; Chloroform.) Paralysis of interosseus muscles of feet and hands. Wonderful clinical results in the treatment of Hook worm disease. See Thymol (Relationship). Complementary: Calc. phos. Antidotes: Ars.; Nux. Compare: Badiaga; Sepia; Sulph.; Plumb. iod.", 
  "Modalities": [
    "Worse: after shaving", 
    "Worse: loss of animal fluids"
  ], 
  "Common names": "Animal Charcoal", 
  "symptoms": {
    "Head": [
      "Vertigo followed by nose-bleed", 
      "Rush of blood with confusion", 
      "Hearing confused; cannot tell direction of sound", 
      "Sensation as if something lay above eyes so that she could not look up", 
      "Headache, as if head had been blown to pieces", 
      "Bluish cheeks and lips", 
      "Nose swollen, tip bluish, small tumor on it"
    ], 
    "Respiratory": [
      "Pleurisy, typhoid character, and remaining stitch", 
      "Ulceration of lung, with feeling of coldness of chest", 
      "Cough, with discharge of greenish pus"
    ], 
    "Stomach": [
      "Burning and griping", 
      "Repugnance to fat food", 
      "Eating tires patient", 
      "Ptomaine poisoning", 
      "Flatulence", 
      "Sour water from mouth", 
      "Pyrosis", 
      "Weak, empty feeling in stomach", 
      "Weak digestion"
    ], 
    "Mind": [
      "Desire to be alone, sad and reflective, avoids conversation", 
      "Anxiety at night, with orgasm of blood"
    ], 
    "Female": [
      "Menses too early, frequent long lasting, followed by great exhaustion, so weak, can hardly speak", 
      "Burning in vagina and labia", 
      "Nausea of pregnancy; worse at night", 
      "Flow only in morning", 
      "Lochia offensive", 
      "Cancer of uterus, burning pain down thighs", 
      "Darting in breast; painful indurations in breast, especially right"
    ], 
    "Skin": [
      "Verruca on hands and face of old people, with bluish color of extremities", 
      "Glands indurated, swollen, painful, in neck, axillae, groin, mammae; pains lancinating, cutting, burning", 
      "Spongy ulcers, copper-colored eruption", 
      "Acne rosacea", 
      "Burning, rawness and fissures; moisture", 
      "Chilblains, worse in evening, in bed and from cold", 
      "Bubo"
    ], 
    "Extremities": [
      "Pain in coccyx; burns when touched", 
      "Wrist pain", 
      "Night sweat fetid and profuse", 
      "Pain in hip joints at night", 
      "Ankles turn easily", 
      "Easy discoloration", 
      "Straining and over-lifting produce great debility", 
      "Joints weak"
    ]
  }, 
  "details": "Seems to be especially adapted to scrofulous and venous constitutions, old people, and after debilitating disease, with feeble circulation and lowered vitality. GLANDS ARE INDURATED, veins distended, skin blue. STITCH REMAINING AFTER PLEURISY. Easily strained from lifting. Weakness of nursing women. Ulceration and decomposition. All its secretions are offensive. Causes local congestions WITHOUT heat.", 
  "dosage": "Third to thirtieth potency. The third trituration for insufflation in aural polypi."
}