{
  "name": "Carduus marianus", 
  "Relationship": "Compare: Card. benedictus (strong action on eyes, and sensation of contraction in many parts; stomach symptoms similar); Chelidonium; Chionanthus; Merc.; Podophyl.; Bry.; Aloe.", 
  "Common names": "St. Mary's Thistle", 
  "symptoms": {
    "Head": [
      "Nosebleed", 
      "Burning and pressure in eyes", 
      "Contractive feeling above eyebrows", 
      "Dull heavy, stupid, with foul tongue", 
      "Vertigo, with tendency to fall forward"
    ], 
    "Stomach": [
      "Appetite small; tongue furred; nausea; retching; vomiting of green, acid fluid", 
      "Stitches in left side of stomach, near spleen", 
      "Taste bitter", 
      "Aversion to salt meat", 
      "Gallstone disease with enlarged liver"
    ], 
    "Rectum": [
      "Hemorrhagic piles, prolapse or rectum, burning pain in anus and rectum, hard and knotting, clayish stools", 
      "Profuse diarrhoea due to rectal cancer"
    ], 
    "Urine": [
      "Cloudy; golden-colored"
    ], 
    "Mind": [
      "Despondency; forgetful, apathetic"
    ], 
    "Abdomen": [
      "Fullness and soreness, with moist skin", 
      "Pain in region of liver", 
      "Swelling of gall bladder with painful tenderness", 
      "Hyperaemia of liver, with jaundice", 
      "Cirrhosis, with dropsy", 
      "Stools bright yellow", 
      "Constipation; stools hard, difficult, knotty; alternates with diarrhoea", 
      "Left lobe very sensitive"
    ], 
    "Chest": [
      "Stitching pains in lower right ribs and front; worse, moving, walking, etc. asthmatic respiration", 
      "Pain in chest, going to shoulders, back, loins and abdomen, with urging to urinate"
    ], 
    "Skin": [
      "Eruption on lower part of sternum", 
      "Itching on lying down at night", 
      "Varicose ulcers"
    ], 
    "Extremities": [
      "Difficult rising", 
      "Pain in hip-joint, spreading through buttocks and down thigh; worse from stooping", 
      "Weakness felt in feet, especially after sitting"
    ]
  }, 
  "details": "The action of this drug is centered in the liver, and portal system, causing soreness, pain, jaundice. Has specific relation to the vascular system. Abuse of alcoholic beverages, especially beer. VARICOSE VEINS and ulcers. Diseases of miners, associated with asthma. Dropsical conditions depending on liver disease, and when due to pelvic congestion and hepatic disease. Disturbs sugar metabolism. Influenza when liver is affected. Debility. Hemorrhages, especially connected with hepatic disease.", 
  "dosage": "Tincture and lower potencies."
}