{
  "name": "Chloroformum", 
  "Relationship": "Ether Post-operative Bronchitis (Prof. Bier). Spiritus Aetheris Compositus. - (Hoffman's Anodyne) - (Flatulence; angina pectoris. Dose 5m to 1 dram in water.)", 
  "Common names": "Chloroform", 
  "symptoms": {
    "Head": [
      "Head drawn down upon the shoulders, eyes opened and closed rapidly, pupils contracted; rapid convulsive movements of face, of muscles, of extremities", 
      "Delirium where excitement and violence predominate"
    ]
  }, 
  "details": "General anaesthetic, antispasmodic. Complete muscular relaxation. Weak and quick pulse, shallow or stertorous breathing. Convulsions, nephritic or biliary colic, gastralgia. Symptoms obtained by Dr. D. MacFarlan with the 6th potency. Great weakness, especially on right side. Limbs very tired from knees down. Much perspiration all over face and chest; drowsy and dizzy; dry lips and throat; dry tickling cough at night. Flatulence; food regurgitates; sore and bruised feeling in stomach; catching pain around heart. Sharp pain in right chest when he takes long breath; shortness of breath on exertion.", 
  "dosage": "Higher attenuations, or sixth. Phosphorus is the remedy to give in narcosis of chloroform."
}