{
  "name": "Chromicum acidum", 
  "Relationship": "Compare: KALI-BICH.; RHUS; CHROMIUM SULPHATE (in locomotor ataxia, goitre, PROSTATIC HYPERTROPHY. Herpes preputialis. Wry neck. Also exophthalmic, inhibits the vagus, relieving tachycardia. Acts like a nerve tonic where there is lack of nervous tone. Fibroid tumors. Infantile paralysis. Dose for adults, 3 to 5 grains after meals and at bedtime).", 
  "Common names": "Chromic Acid", 
  "symptoms": {
    "Stool": [
      "Weakness in small of back", 
      "Hemorrhoids, internal and bleeding", 
      "Watery, frequent, copious, with nausea and vertigo"
    ], 
    "Nose": [
      "Ozaena", 
      "Offensive smell", 
      "Corrosive pain", 
      "Ulcer and scabs in nose"
    ], 
    "Throat": [
      "Post-nasal tumors", 
      "Diphtheria; sore throat", 
      "Tough mucus, with inclination to swallow it; worse, causing hawking"
    ], 
    "Extremities": [
      "Uneasiness in limbs", 
      "Drawing pain in soles while walking", 
      "Pain in knees and balls of feet", 
      "Pain in shoulder-blades and back of neck"
    ]
  }, 
  "details": "Diphtheria, post-nasal tumors, and epithelioma of the tongue have been benefited by this drug. Bloody, foul-smelling lochia. Symptoms come and go SUDDENLY, and return periodically; offensive discharges.", 
  "dosage": "Homeopathically, third to sixth trituration."
}