{
  "name": "Cicuta virosa", 
  "Relationship": "Antidotes: OPIUM; ARN. Compare: CICUTA MACULATA - Water Hemlock - (Effects very similar; the most prominent symptoms being: Falls unconscious, tetanic or clonic convulsions. Body covered with sweat. Consider in epilepsy and tetanus. Tincture and lower potencies.) HYDROCY. ACID; CON.; Oenanthe.; STRYCHNIA; BELLAD.", 
  "Modalities": [
    "Worse: from touch", 
    "Worse: drafts", 
    "Worse: concussion", 
    "Worse: tobacco smoke"
  ], 
  "Common names": "Water Hemlock", 
  "symptoms": {
    "Eyes": [
      "Eyes stare", 
      "When reading, letters disappear", 
      "Pupils dilated, insensible strabismus", 
      "Strabismus; periodic, spasmodic after a fall or blow", 
      "Spasmodic affections of eyes and its appendages", 
      "Pupils get behind upper lids as head inclines", 
      "Objects recede, approach, and seem double", 
      "Effects of exposure to snow"
    ], 
    "Respiratory": [
      "Tonic spasm in pectoral muscles", 
      "Heat in chest", 
      "Chest feels tight; can hardly breathe"
    ], 
    "Stomach": [
      "Thirst; burning pressure; hiccough", 
      "Throbbing in pit of stomach, which has become raised to size of fist", 
      "Indigestion, with insensibility, frothing at mouth", 
      "Desire for unnatural things, like coal"
    ], 
    "Head": [
      "Vertigo, with gastralgia, and muscular spasms", 
      "Sudden, violent shocks through head", 
      "Thick, yellow scabs on head", 
      "Stares persistently at objects", 
      "Cervical muscles contracted", 
      "Cerebrospinal meningitis", 
      "Head symptoms relieved by emission of flatus", 
      "Convulsions from concussion of brain", 
      "Head turned or twisted to one side"
    ], 
    "Back and Extremities": [
      "Jerking, tearing in coccyx, especially during menses", 
      "Spasms and cramps in muscles of nape of neck, and spasmodic drawing backward of head", 
      "Back bent backward like an arch", 
      "Curved limbs cannot be straightened nor straight ones bent"
    ], 
    "Mind": [
      "Everything appears strange and terrible", 
      "Delirium, with singing, dancing and funny gestures", 
      "Stupid feeling", 
      "Mistrustful", 
      "Melancholy, with indifference", 
      "Epilepsy; moaning and whining", 
      "Confounds present with the past; feels like a child", 
      "Vivid dreams"
    ], 
    "Abdomen": [
      "Flatulence with anxiety and crossness", 
      "Colic, with convulsions", 
      "Rumbling", 
      "Distended and painful"
    ], 
    "Face": [
      "Trismus; disposition to grind teeth", 
      "Red", 
      "Pustules which run together forming thick, yellow scabs on face and head, corners of mouth and chin, with burning pain"
    ], 
    "Skin": [
      "Elevated eruptions, as large as peas", 
      "Chronic impetigo", 
      "Eczema; no itching; exudation forms into a hard, lemon-colored crust", 
      "Suppressed eruption causes brain disease"
    ], 
    "Throat": [
      "Dry", 
      "Spasms of oesophagus; cannot swallow", 
      "Feels as if grown together", 
      "Effects on oesophagus from swallowing sharp piece of bone"
    ], 
    "Rectum": [
      "Itching in rectum", 
      "Diarrhoea in morning, with irresistible desire to urinate"
    ], 
    "Ears": [
      "Sudden detonations especially on swallowing", 
      "Difficult hearing", 
      "Hemorrhage from ears"
    ]
  }, 
  "details": "The action on the nervous system, producing spasmodic affections, viz., hiccough, trismus, tetanus, and convulsions, give the pathological picture calling especially for this remedy, whenever this is further characterized, by the more individual symptoms of the drug. Among these, are the BENDING OF THE HEAD, NECK, AND SPINE BACKWARDS, and the general action of the patient is VIOLENT, with frightful distortions. Violent, strange desires. Sensation of internal chill. Moaning and howling. Does absurd things. Marked action on the skin.", 
  "dosage": "Sixth to two hundredth attenuation."
}