{
  "name": "Cocculus", 
  "Relationship": "Antidotes: COFFEE, NUX. Compare: PICROTOXIN - alkaloid of Cocculus - (epilepsy, attacks in the morning on leaving horizontal position, hernia, locomotor ataxia, night-sweats); SYMPHORICARPUS (morning sickness); PETROL.; PULS.; IGNAT.", 
  "Modalities": [
    "Worse: eating", 
    "Worse: after loss of sleep", 
    "Worse: open air", 
    "Worse: smoking", 
    "Worse: riding", 
    "Worse: swimming", 
    "Worse: touch", 
    "Worse: noise", 
    "Worse: jar; afternoon"
  ], 
  "Common names": "Indian Cockle", 
  "symptoms": {
    "Head": [
      "Sense of emptiness in head", 
      "Sick headache from carriage-riding, cannot lie on back part of head", 
      "Trembling of head", 
      "Opening and shutting sensation, especially in occiput", 
      "Headache in occiput and nape; worse, lying on back of head", 
      "Pupils contracted", 
      "Vertigo, nausea, especially when riding or sitting up", 
      "Pain in eyes as if torn out of head"
    ], 
    "Respiratory": [
      "Sensation of emptiness and cramp in chest", 
      "Choking constriction in upper part of oesophagus, oppressing breathing and inducing cough", 
      "Dyspnoea as from constriction of trachea, as if irritated by smoke"
    ], 
    "Stomach": [
      "Dryness of oesophagus", 
      "Loss of appetite", 
      "Desire for cold drinks, especially beer", 
      "Smell of food disgusts", 
      "Aversion to food, drink, tobacco", 
      "Sensation in stomach as if one had been a long time without food until hunger was gone", 
      "Metallic taste", 
      "Seasickness", 
      "Nausea, with faintness and vomiting", 
      "Paralysis of muscles preventing deglutition", 
      "Cramp in stomach during and after meal", 
      "Nausea from riding in cars, boat, etc., or looking at boat in motion; worse on becoming cold or taking cold", 
      "Hiccough and spasmodic yawning"
    ], 
    "Mind": [
      "Very anxious about the health of others", 
      "Cannot bear contradiction", 
      "Heavy and stupid", 
      "Speaks hastily", 
      "Time passes too quickly; absorbed in reveries", 
      "Capricious", 
      "Inclination to sing irresistible", 
      "Profound sadness", 
      "Mind benumbed", 
      "Slow of comprehension"
    ], 
    "Back": [
      "Paralytic pain in small of back", 
      "Stiffness on moving shoulders", 
      "Pressure in scapula and nape", 
      "Pain in shoulder and arms as if bruised", 
      "Cracking of cervical vertebrae when moving head"
    ], 
    "Face": [
      "Paralysis of facial nerve", 
      "Cramp-like pain in masseter muscle; worse, opening mouth", 
      "Prosopalgia in afternoon, with wide radiations of pain"
    ], 
    "Fever": [
      "Chilliness, with perspiration, and heat of skin", 
      "Chill, with flatulent colic, nausea, vertigo, coldness of lower extremities, and heat of head", 
      "Nervous form of low fever", 
      "Sweat general"
    ], 
    "Sleep": [
      "Coma vigil", 
      "Spasmodic yawning", 
      "Constant drowsiness", 
      "After loss of sleep, night-watching, nursing"
    ], 
    "Female": [
      "Dysmenorrhoea, with profuse dark menses", 
      "So weak during menstruation, scarcely able to stand", 
      "Too early menses, clotted, with spasmodic colic", 
      "Purulent, gushing leucorrhoea between menses; very weakening, can scarcely speak", 
      "Painful pressing in uterine region, followed by hemorrhoids"
    ], 
    "Abdomen": [
      "Distended, with wind, and feeling as if full of sharp stones when moving; better, lying on one side or the other", 
      "Pain in abdominal ring, as if something were forced through", 
      "Abdominal muscles weak; it seems as if a hernia would take place"
    ], 
    "Extremities": [
      "Trembling and pain in limbs", 
      "One-sided paralysis; worse after sleep", 
      "Limbs straightened out, painful when flexed", 
      "Lameness; worse by bending", 
      "Knees crack on motion", 
      "Hands are alternately hot and cold; numbness and cold sweat now of one, now of the other hand", 
      "Arms go to sleep", 
      "Inflammatory swelling of knee", 
      "Numb and unsteady", 
      "Lower limbs very weak", 
      "Intensely painful, paralytic drawing"
    ]
  }, 
  "details": "Within the sphere of action of Cocculus are many spasmodic, and paretic affections, notably those affecting one-half of the body. Affects the cerebrum, will not cure convulsive seizures proceeding from the spinal cord. (A. E. Hinsdale.) PAINFUL CONTRACTURE of limbs and trunk; tetanus. Many of the evil EFFECTS OF NIGHT-WATCHING are relieved by it. It shows a special attraction FOR LIGHT-HAIRED FEMALES, especially during pregnancy, causing much nausea and backache. Unmarried and childless women, sensitive and romantic girls, etc. All its symptoms are worse riding in a carriage or on shipboard; hence its use in seasickness. Sensation of HOLLOWNESS, or emptiness, as if parts had gone to sleep. Feels too weak to talk loud.", 
  "dosage": "Third to thirtieth potency."
}