{
  "name": "Codeinum", 
  "Relationship": "Compare: OPIUM; AGARICUS; HYOSCY.; AMMON. BROM.", 
  "Common names": "An Alkaloid from Opium", 
  "symptoms": {
    "Eyes": [
      "Involuntary twitching of lids"
    ], 
    "Respiratory": [
      "Short and irritating cough; worse, at night", 
      "Night cough of phthisis", 
      "Copious, purulent expectoration"
    ], 
    "Stomach": [
      "Great thirst, with desire for bitter substances", 
      "Spasmodic pain at pit of stomach", 
      "Eructations"
    ], 
    "Head": [
      "Skin of face and scalp sore after neuralgia", 
      "Pain from occiput to back of neck"
    ]
  }, 
  "details": "Trembling of whole body. Involuntary twitching of muscles of arms and lower limbs. ITCHING, with feeling of warmth, numbness and prickling. Diabetes. Dry, teasing, incessant cough; twitching of muscles, especially those of eyelids", 
  "dosage": "One-quarter of a grain doses to third trituration."
}