{
  "name": "Cotyledon", 
  "Relationship": "Compare: AMBRA; ASA.; HEPATICA; IGNATIA; LACHES.", 
  "Common names": "Penny wort", 
  "symptoms": {
    "Mind": [
      "Ailments from suppressed emotion", 
      "Lost, confused feeling", 
      "Pressing vertex headache", 
      "Could not articulate for some time on awaking", 
      "Feeling as if a part of the body were absent"
    ], 
    "Chest": [
      "Breathing oppressed", 
      "Choking fullness in throat", 
      "Pain at angles of scapulae", 
      "Pain under left nipple, and aching in right breast", 
      "Full, bursting feeling, as if from obstruction at heart", 
      "Pain through to scapula from region of left breast"
    ], 
    "Extremities": [
      "Skin sensitive, rubbing of trousers causes an acute sting", 
      "Legs and arms feel heavy and sore", 
      "Aching in back and thighs", 
      "Aching in all joints"
    ]
  }, 
  "details": "Marked action on heart; oppression of chest; fullness in throat. Epilepsy. Numb aching in muscular and fibrous tissue. Sciatica. Well-marked pains through the breast to scapula. Catarrh of larynx and trachea. Hysterical joint.", 
  "dosage": "Tincture to third potency."
}