{
  "symptoms": {
    "Head": [
      "Unequally dilated pupils; giddiness; twitching of facial muscles", 
      "Constant vertigo; intense sleepiness", 
      "Stupefaction; indifference", 
      "Hydrocephalus"
    ], 
    "Stomach": [
      "Excessive thirst", 
      "Constant nausea, vomiting; burning pain in epigastrium"
    ], 
    "Urine": [
      "Tenesmus and erections", 
      "Grass-green urine"
    ], 
    "Extremities": [
      "Numbness, pain and difficulty in moving hands"
    ]
  }, 
  "details": "All parts of this shrub are poisonous, producing inflammation of stomach and intestines, with vomiting, diarrhoea, headache, paleness of face and cold skin. Widespread anaesthesia, and convulsions are some of the chief effects of this drug. Cerebrospinal meningitis. Great prostration, sense of constriction in throat, stiffness of nape, tearing from nape into occiput, lusterless eyes.", 
  "Common names": "Cystisus Laburnum", 
  "name": "Cystisus laburnum", 
  "dosage": "Third potency."
}