{
  "name": "Eryngium aquaticum", 
  "Relationship": "Compare: Conium; Cannab.; Dios.; Ocim.; Clemat.", 
  "Common names": "Button Snake-root", 
  "symptoms": {
    "Respiratory": [
      "Smarting in throat and larynx", 
      "Cough, with sense of constriction"
    ], 
    "Urine": [
      "Difficult and frequent micturition", 
      "Renal colic  congestion of kidneys with dull pain in back, running down the ureters and limbs", 
      "Pain behind pubes", 
      "Spasmodic stricture", 
      "Irritable bladder from enlarged prostate gland, or from pressure of uterus", 
      "Tenesmus of bladder and urethra"
    ], 
    "Male": [
      "Discharge of prostatic fluid from slight causes", 
      "Seminal emissions without erections, with lassitude"
    ]
  }, 
  "details": "A remedy for urinary disorders. Strangury, etc., with nervous erethism. THICK, YELLOW MUCOUS DISCHARGES. Influenza Uridrosis, sweat of urinous odor in evening.", 
  "dosage": "Tincture, to third potency."
}