{
  "name": "Eucalyptus globulus", 
  "Relationship": "Compare: Oil of Eucalyptus. (Produces remarkable bodily exhaustion, no desire for any motion, unable to do any real mental work, study, etc. The volatile oil possesses, in common with other, the property of converting water, in presence of air and sunlight, into hydrogen peroxide, or to convert oxygen into ozone, which is the explanation usually given of its deodorizing and antiseptic properties. (Merrel.) (Locally, in catarrhal affections, especially when of a suppurating or putrid nature.) Eucalyptus tereticortis (menstrual cough and PROSTRATION). Eucalyptol (depresses temperature of healthy body more than Quinine; acts on kidneys like Terebinth.); Anacard.; HYDRAST.; Kali-sulph. Eucalyptus neutralizes ill effects of STRYCHNINE. Angophora-Red Gum (dysentery, pains, tenesmus; better lying flat on face; obstinate constipation). Eucalyptus rostrata; Kino.", 
  "Common names": "Blue Gum-tree", 
  "symptoms": {
    "Head": [
      "Desire for exercise", 
      "Dull congestive headache", 
      "Exhilaration", 
      "Eyes smart and burn", 
      "Coryza; sore throat"
    ], 
    "Respiratory": [
      "Bronchorrhea", 
      "Moist asthma", 
      "Profuse expectoration of offensive mucopus", 
      "Whooping-cough in rachitic children", 
      "Fetid form of bronchitis, bronchial dilatation and emphysema", 
      "Expectoration white, thick mucus", 
      "Bronchitis in the aged", 
      "Irritative cough", 
      "Asthma, with great dyspnoea and palpitation"
    ], 
    "Stomach": [
      "Beating and goneness with pulsation in epigastric arteries", 
      "Spleen hard and contracted", 
      "Slow digestion", 
      "Pain in epigastrium and upper abdomen ameliorated by food", 
      "Malignant disease of stomach with vomiting of blood and sour fluid", 
      "Much fetid gas"
    ], 
    "Urine": [
      "Burning and tenesmus; catarrh of bladder; diuresis; urethral caruncle", 
      "Bladder feels loss of expulsive force", 
      "Spasmodic stricture; gonorrhea", 
      "Urine contains pus and is deficient in urea", 
      "Suppurative inflammation of kidneys", 
      "Acute nephritis complication influenza", 
      "Hematuria"
    ], 
    "Abdomen": [
      "Dysentery, with rectal heat; tenesmus; hemorrhage", 
      "Aching pains in bowels with feeling of impending diarrhoea", 
      "Acute diarrhoea", 
      "Typhoid diarrhoea", 
      "Diarrhoea; stools thin, watery, preceded by sharp pains"
    ], 
    "Fever": [
      "Use the tincture", 
      "Discharges show a tendency to foulness, high temperature, accelerated but not strong pulse", 
      "Continued and typhoid fevers", 
      "Elevation of temperature", 
      "Scarlet fever"
    ], 
    "Nose": [
      "Stuffed-up sensation; thin, watery coryza; nose does not stop running; tightness across bridge", 
      "Ethmoid and frontal sinus involved", 
      "Chronic catarrhal, purulent and fetid discharge"
    ], 
    "Female": [
      "Leucorrhoea, acrid, fetid", 
      "Ulcer around orifice of urethra"
    ], 
    "Skin": [
      "Foul and indolent ulcers", 
      "Glandular enlargements and nodular swelling over joints", 
      "Herpetic eruptions"
    ], 
    "Throat": [
      "Relaxed, aphthous condition of mouth and throat", 
      "Enlarged, ulcerated tonsils and inflamed throat", 
      "Constant sensation of phlegm in throat", 
      "Burns, feels full", 
      "Excessive secretions of saliva"
    ], 
    "Extremities": [
      "Rheumatic pains; worse at night, walking or carrying anything", 
      "Nodular swellings over metacarpal and metatarsal joints", 
      "Stiff, weary sensation", 
      "Pricking sensation, followed by painful aching"
    ]
  }, 
  "details": "Eucalyptus is a powerful antiseptic and destructive to low forms of life, a stimulating expectorant and an efficient diaphoretic. Atonic dyspepsia, gastric and intestinal catarrh. A remedy with marked effects on catarrhal processes, malaria, and intestinal disturbance. INFLUENZA. Fevers of a RELAPSING character. Produces diuresis and great increase of urea. Hemorrhages internally and locally. (HAMAN.) TYPHOID. Symptoms of exhaustion and toxaemia. Conditions of the mucous surfaces of the air passages, genitourinary organs and gastrointestinal tract. A gastrointestinal irritant with pain in stomach and upper intestines several hours after eating. Neutralizes ill effects of STRYCHNINE.", 
  "dosage": "Tincture in on to 20 drop doses, and lower potencies. Also Oil of Eucalyptus in five-drop doses."
}