{
  "name": "Fel tauri", 
  "Relationship": "Compare: MERC. DULC.; CHOLESTERIN. In Biliary Lithiasis. CHINA. CALCULOBILI - Triturate Gall stones - 10-12x (Gall stones).", 
  "Common names": "Ox-gall", 
  "symptoms": {
    "Stomach": [
      "Eructations, gurgling in stomach and epigastric region", 
      "Tendency to sleep after eating", 
      "Violent peristaltic movements"
    ]
  }, 
  "details": "Increases the duodenal secretion, emulsifies fats and increases the peristaltic action of the intestines. Liquefies bile and acts as a purgative and cholagogue. Disordered digestion, diarrhoea, and pain in nape of neck are among its chief symptoms. Obstruction of gall ducts. Biliary calculi. Jaundice. Nape of neck pains, and great tension there. Constipation; chronic gastric and intestinal catarrh; cirrhotic liver; diabetes; NAPE OF NECK PAINS; TENDENCY TO SLEEP AFTER EATING; much flatus; ascites", 
  "dosage": "Lower trituration. Purified oxgall 1 to 10 gr."
}