{
  "name": "Ferrum phosphoricum", 
  "Relationship": "Compare: (Oxygenoid Constitution. ACON.; CHINA; ARSENIC; GRAPHIT.; PETROL.) FERRUM PYROPHOSPH. (congestion of brain and headache following great loss of blood; tarsal cysts); ACON.; GELS.; CHINA.", 
  "Modalities": [
    "Worse: at night and 4 to six am; touch", 
    "Worse: jar", 
    "Worse: motion", 
    "Worse: right side", 
    "Better: cold applications"
  ], 
  "Common names": "Phosphate of Iron", 
  "symptoms": {
    "Eyes": [
      "Hyperaemia of optic disc and retina, with blurred vision", 
      "Red, inflamed, with burning sensation", 
      "Feeling as of sand under lids"
    ], 
    "Fever": [
      "Chill daily at one pm all catarrhal and inflammatory fevers; first stage"
    ], 
    "Stomach": [
      "Desire for stimulants", 
      "Vomiting of undigested food", 
      "Aversion to meat and milk", 
      "Sour eructations", 
      "Vomiting of bright red blood"
    ], 
    "Abdomen": [
      "First stage of dysentery, with much blood in discharges", 
      "Hemorrhoids", 
      "Stools watery, bloody, undigested", 
      "First stage of peritonitis"
    ], 
    "Respiratory": [
      "Expectoration of pure blood in pneumonia", 
      "First stage of all inflammatory affections", 
      "Congestions of lungs", 
      "Hemoptysis", 
      "Hoarseness", 
      "Short, painful tickling cough", 
      "Cough better at night", 
      "Croup", 
      "Hard, dry cough, with sore chest"
    ], 
    "Head": [
      "Soreness to touch, cold, noise, jar", 
      "Vertigo", 
      "Throbbing sensation", 
      "Headache better cold applications", 
      "Rush of blood to head", 
      "Ill effects of sun-heat"
    ], 
    "Face": [
      "Florid complexion", 
      "Flushed; cheeks sore and hot", 
      "Facial neuralgia; worse, shaking head and stooping"
    ], 
    "Nose": [
      "First stage of colds in the head", 
      "Predisposition to colds", 
      "Epistaxis; bright red blood"
    ], 
    "Ears": [
      "Acute otitis", 
      "Throbbing", 
      "Membrana tympani red and bulging", 
      "First stage of otitis", 
      "Noises"
    ], 
    "Heart": [
      "Short, quick, soft pulse", 
      "First stage of cardiac diseases", 
      "Palpitation; pulse rapid"
    ], 
    "Urine": [
      "Incontinence", 
      "Urine spurts with every cough", 
      "Irritation at neck of bladder", 
      "Diurnal enuresis", 
      "Polyuria"
    ], 
    "Sleep": [
      "Anxious dreams", 
      "Night sweats of anaemia", 
      "Restless and sleepless"
    ], 
    "Female": [
      "Menses every three weeks, with bearing-down sensation and pain on top of head", 
      "Vaginismus", 
      "Vagina dry and hot"
    ], 
    "Throat": [
      "Mouth hot; fauces red, inflamed", 
      "Tonsils red and swollen", 
      "After operations on throat and nose to control bleeding and relieve soreness", 
      "First stage of diphtheria", 
      "Ranula in vascular, sanguine constitutions", 
      "Sore throat of singers", 
      "Subacute laryngitis with fauces inflamed and red", 
      "Eustachian tubes inflamed", 
      "Ulcerated sore throat"
    ], 
    "Extremities": [
      "Rheumatic pain in shoulder; pains extend to chest and wrist", 
      "Hands swollen and painful", 
      "Articular rheumatism", 
      "Stiff neck", 
      "Crick in back", 
      "Whitlow", 
      "Palms hot"
    ]
  }, 
  "details": "In the early stages of febrile conditions, it stands midway between sthenic activity of Aconite and Bell, and the asthenic sluggishness and torpidity of GELS. The typical FERR. PHOS. subject is not full blooded and robust, but nervous, sensitive, anaemic with the false plethora and easy flushing of Ferrum. Prostration marked; face more active than GELS. The superficial redness never assumes the dusky hue of GELS. Pulse soft and flowing; no anxious restlessness of ACON. Susceptibility to chest troubles. Bronchitis of young children. In acute exacerbation of tuberculosis, a fine palliative of wonderful power. Corresponds to Grauvogl's Oxygenoid Constitution, the inflammatory, febrile, emaciating, wasting consumption. The remedy for first stage of all febrile disturbances and inflammations before exudation sets in; especially for catarrhal affections of the respiratory tract. FERR. PHOS. 3x increases haemoglobin. In pale, anaemic subjects, with violent local congestions. Hemorrhages, bright from any orifice.", 
  "dosage": "Third to twelfth potency."
}