{
  "symptoms": {
    "Respiratory": [
      "Coryza; discharge of mucus from nose, trachea, and larynx", 
      "Pressure beneath sternum", 
      "Scrofulous swelling of nose", 
      "Chest feels oppressed", 
      "Hemoptysis"
    ], 
    "Stomach": [
      "Food seems to push up into throat, as if it had not been swallowed"
    ], 
    "Urine": [
      "Difficulty in retaining urine", 
      "Sensation as if urine were stopped at fossa navicularis", 
      "Urine dark", 
      "Sweet smelling", 
      "Crawling sensation in urethra and rectum", 
      "Incontinence in anemic children"
    ], 
    "Abdomen": [
      "Fullness, even after a little food; stuffed feeling, as if she could not lean forward"
    ], 
    "Female": [
      "Itching and soreness of vulva and vagina", 
      "Much bearing down", 
      "Leucorrhoea like boiled starch", 
      "Retroversion and prolapse of uterus", 
      "Menses suppressed or scanty", 
      "On sitting, feeling as if something pressed upward in vagina"
    ], 
    "Throat": [
      "Hoarse", 
      "Sore, as if of a splinter, shooting in different directions"
    ]
  }, 
  "details": "Scrofulous affections, glandular enlargements, and tumors call for this remedy. Crops of boils. Acute nephritis following eruptive diseases. Uterine displacements. Body emaciated. Anemia. Exophthalmic goitre following suppression of menses. Debility following drain upon vital forces. Impetigo of the cheek.", 
  "Common names": "Iodide of Iron", 
  "name": "Ferrum iodatum", 
  "dosage": "Third trituration. Does not keep long."
}