{
  "symptoms": {
    "Stomach": [
      "During a meal, flatulence; afterwards lassitude taciturn and hot, pain in epigastrium, especially on breathing"
    ], 
    "Abdomen": [
      "Movements and grumbling in abdomen", 
      "Loose evacuations with much flatulency, especially left side with pulling in legs", 
      "Abundant and frequent emission of fetid flatus"
    ]
  }, 
  "details": "Marked symptoms in intestinal tract. Pain in nape of neck. Paralytic weakness. Small warts on hands. Small warts on hands.", 
  "Common names": "Loads tone", 
  "name": "Ferrum magneticum", 
  "dosage": "Third potency."
}