{
  "name": "Filix mas", 
  "Relationship": "Compare: ASPIDIUM ALHAMANTICUM. Panna - 3 doses, 2 grammes each, all in half hour, fasting in a glass of milk. Tasteless and will remove tape worm. CINA; GRANAT.; KOUSSO.", 
  "Common names": "Filix Aspidum Male Fern", 
  "symptoms": {
    "Eyes": [
      "Blindness, monocular amblyopia"
    ], 
    "Abdomen": [
      "Gnawing-pain; worse eating sweets", 
      "Bloated", 
      "Worm colic, with itching of nose, pale face, blue rings around eyes", 
      "Painless hiccough", 
      "Diarrhoea and vomiting"
    ]
  }, 
  "details": "A remedy for worm symptoms, especially with constipation. Tapeworm. Soporific conditions. TORPID INFLAMMATIONS OF LYMPHATIC GLANDS. (Maceration of fresh root.) Pulmonary tuberculosis in young patients, no fever, with limited, ulcerated lesions, formerly classified as scrofula.", 
  "dosage": "First to third potency. For the expulsion of tapeworm, a full dose of 1/2 to 1 dram of the Oleoresin, fasting."
}