{
  "symptoms": {
    "Mouth": [
      "Tongue swollen; strawberry tongue"
    ], 
    "Skin": [
      "Swelling of whole body", 
      "Urticaria; petechial and erysipelatous eruptions"
    ]
  }, 
  "Common names": "Wood-strawberry", 
  "name": "Fragaria", 
  "Relationship": "Compare: APIS. CALCAREA.", 
  "details": "Acts on digestion and mesenteric glands. Prevents formation of calculi, removes tartar from teeth and prevents attacks of gout. The fruit has refrigerant properties. Strawberries produce symptoms of poisoning in certain susceptible individuals, such as urticarial rashes (strawberry anaphylaxis). Here give Fragaria high potency. Chilblains; worse during hot weather. Lack of mammary secretion. PILOSIS. (Spruce.)"
}