{
  "name": "Gettysburg water", 
  "Relationship": "LYCOPODIUM, Phosphor. Rhus Pulsat., but modalities differ.", 
  "Modalities": [
    "Worse: stiffness of muscles on moving", 
    "Better: rest"
  ], 
  "symptoms": {}, 
  "details": "STRINGY MUCUS from throat and posterior nares. RAWNESS. Neck muscles rigid. Joints weak. Cannot lift things. LIGAMENTS RIGID. Subacute gouty state. Evaporated and residuum triturated to 6x. Of use in sub-acute and chronic rheumatism. White coated tongue. High colored urine with red sandy sediment. Sensation of rigidity WORSE MOVING. Especially in lumbar region and joints of hips, shoulders and wrists. NOT PERCEIVED WHEN QUIET. More in morning. Cannot remain long in one position. Stiffness of muscles on moving. Pain in ligaments relieved by rest.", 
  "dosage": "Lower triturations. Also thirtieth potency."
}