{
  "name": "Hepar sulphuris calcareum", 
  "Relationship": "Antidotes: BELLAD.; CHAM.; SIL. Compare: ACON.; SPONGIA; STAPHIS.; SILICA; SULPH.; CALC. SULPH.; MYRISTICA. HEPAR antidotes bad effects from MERCURY, IODINE, POTASH, COD-LIVER OIL. Removes the weakening effects of ether.", 
  "Modalities": [
    "Worse: from dry cold winds; cool air; slightest draft; from mercury", 
    "Worse: touch; lying on painful side", 
    "Better: in damp weather", 
    "Better: from wrapping head up", 
    "Better: from warmth", 
    "Better: after eating"
  ], 
  "Common names": "Hahnemann's Calcium Sulphide", 
  "symptoms": {
    "Urine": [
      "Bladder difficulties of old men", 
      "Seems as if some always remained", 
      "Greasy pellicle on urine", 
      "Voided slowly, without force - drops vertically, bladder weak"
    ], 
    "Stool": [
      "Clay-colored and soft", 
      "Sour, white, undigested, fetid", 
      "Loss of power to expel even a soft stool"
    ], 
    "Head": [
      "Vertigo and headache, when shaking the head or riding", 
      "Humid scald-head itching and burning", 
      "Cold sweat on head", 
      "Boring pain in the right temple and in root of nose every morning", 
      "Scalp sensitive and sore"
    ], 
    "Fever": [
      "Profuse sweat; sour, sticky, offensive", 
      "Chilly in open air or from slightest draft", 
      "Dry heat at night"
    ], 
    "Stomach": [
      "Longing for acids, wine, and strong-tasting food", 
      "Heaviness and pressure in stomach after a slight meal", 
      "Burning in stomach", 
      "Frequent eructations, without taste or smell", 
      "Aversion to fat food", 
      "Distention of stomach, compelling one to loosen the clothing"
    ], 
    "Abdomen": [
      "Stitching in region of liver when walking, coughing, breathing, or touching it", 
      "Hepatitis, hepatic abscess; abdomen distended, tense; chronic abdominal affections"
    ], 
    "Mouth": [
      "Gums and mouth painful to touch and bleed readily", 
      "Ptyalism"
    ], 
    "Respiratory": [
      "Dry, hoarse cough", 
      "Rattling, croaking cough; suffocative attacks; has to rise up and bend head backwards", 
      "Palpitation of heart", 
      "Hoarseness, with loss of voice", 
      "Cough excited whenever any part of the body gets cold or uncovered, or from eating anything cold", 
      "Anxious, wheezing, moist breathing, asthma worse in dry cold air; better in damp", 
      "Loses voice and coughs when exposed to dry, cold wind", 
      "Croup with loose, rattling cough; worse in morning", 
      "Choking cough", 
      "Cough troublesome when walking"
    ], 
    "Eyes": [
      "Eyeballs sore to touch", 
      "Eyes and lids red and inflamed", 
      "Ulcers on cornea", 
      "Bright circles before eyes", 
      "Iritis, with pus in anterior chamber; purulent conjunctivitis, with marked chemosis, profuse discharge, great sensitiveness to touch and air", 
      "Vision obscured by reading; field reduced one-half", 
      "Objects appear red and too large", 
      "Hypopion", 
      "Pain in the eyes, as if pulled back into the head", 
      "Boring pain in upper bones of the orbits"
    ], 
    "Face": [
      "Pains in bones of face, especially when being touched", 
      "Shooting in jaw on opening mouth", 
      "Ulcers in corners of mouth", 
      "Yellowish complexion", 
      "Vesicular erysipelas, with pricking in parts", 
      "Middle of lower lip cracked", 
      "Neuralgia of right side, extending in streak into temple, ear, alae, and lip"
    ], 
    "Nose": [
      "Smell like old cheese", 
      "Sore, ulcerated", 
      "Hay-fever", 
      "Stopped up every time he goes out into cold air", 
      "Sneezes every time he goes into a cold, dry wind, with running from nose, later, thick, offensive discharge", 
      "Soreness of nostrils, with catarrhal troubles"
    ], 
    "Male": [
      "Excitement and emission without amorous fancies", 
      "Itching of glans, frenum, and scrotum", 
      "Obstinate gonorrhea does not get well", 
      "Fig warts of offensive odor", 
      "Humid soreness on genitals and between scrotum and thigh", 
      "Suppurating inguinal glands", 
      "Ulcers externally on prepuce similar to chancre", 
      "Herpes, sensitive, bleed easily"
    ], 
    "Ears": [
      "Discharge of fetid pus from the ears", 
      "Whizzing and throbbing in ears, with hardness of hearing", 
      "Deafness after scarlet fever", 
      "Scurfs on and behind the ears", 
      "Pustules in auditory canal and auricle", 
      "Mastoiditis"
    ], 
    "Mind": [
      "The slightest cause irritates him", 
      "Anguish in the evening and night, with thoughts of suicide", 
      "Ferocious", 
      "Dejected and sad", 
      "Hasty speech"
    ], 
    "Female": [
      "Discharge of blood from uterus", 
      "Extremely offensive leucorrhoea", 
      "Itching of pudenda and nipples, worse during menses", 
      "Menses late and scanty", 
      "Smells like old cheese", 
      "Abscesses of labiae with great sensitiveness", 
      "Profuse perspiration at the climacteric"
    ], 
    "Skin": [
      "Abscesses; suppurating glands are very sensitive", 
      "Ulcers, with bloody suppuration, smelling like old cheese", 
      "Easily bleed", 
      "Sticking or pricking in afflicted parts", 
      "Herpes circinatus", 
      "Suppurate with prickly pain", 
      "Chapped skin, with deep cracks on hands and feet", 
      "Papules prone to suppurate and extend", 
      "Acne in youth", 
      "Unhealthy skin; every little injury suppurates", 
      "Ulcers very sensitive to contact, burning, stinging, easily bleeding", 
      "Cold-sores very sensitive", 
      "Small-pox", 
      "Constant offensive exhalation from the body", 
      "Putrid ulcers, surrounded by little pimples", 
      "Sweats day and night without relief", 
      "Angioneurotic oedema", 
      "Chronic and recurring urticaria", 
      "Cannot bear to be uncovered; wants to be wrapped up warmly", 
      "Great sensitiveness to slightest touch"
    ], 
    "Throat": [
      "Hawking up of mucus", 
      "Quinsy, with impending suppuration", 
      "When swallowing, sensation as if a plug and of a splinter in throat", 
      "Stitches in throat extending to the ear when swallowing"
    ], 
    "Extremities": [
      "Finger-joints swollen; tendency to easy dislocation", 
      "Nail of great toe painful on slight pressure"
    ]
  }, 
  "details": "Suits especially scrofulous and lymphatic constitutions who are inclined to have eruptions and glandular swellings. Unhealthy skin. Blondes with sluggish character and weak muscles. GREAT SENSITIVENESS TO ALL IMPRESSIONS. Sweating patient pulling blanket around him. Locally, it has special affinity to the respiratory mucous membrane, producing croupous catarrhal inflammation, profuse secretion; also easy perspiration. After abuse of Mercury. Infected sinus with pus forming. THE TENDENCY TO SUPPURATION is most marked, and has been a strong guiding symptom in practice. The lesions spread by the formation of small papules around the side of the old lesion. Chilliness, hypersensitiveness, splinter-like pains, craving for sour and strong things are very characteristic. FEELING AS IF WIND WERE BLOWING ON SOME PART. The side of the body on which he lies at night becomes gradually insufferably painful; he must turn. PELLAGRA (material doses required). Syphilis after anti specific gross medication.", 
  "dosage": "First to 200th. The higher potencies may abort suppuration, the lower promote it. If it is necessary to hasten it, give 2X."
}