{
  "name": "Hippomanes", 
  "Relationship": "Compare: CAUSTIC.", 
  "Common names": "(A Meconium Deposit out of the Amniotic Fluid taken from the Colt)", 
  "symptoms": {
    "Stomach": [
      "Icy coldness in stomach"
    ], 
    "Extremities": [
      "Great weakness of hands and fingers", 
      "Paralysis of wrists", 
      "Much weakness after growing too fast", 
      "Violent pain in wrist", 
      "Chorea", 
      "Weakness in joints of feet, knee, and soles", 
      "Sprained sensation in wrist"
    ], 
    "Male": [
      "Prostatitis", 
      "Drawing pain in testicles", 
      "Sexual desire increased"
    ]
  }, 
  "details": "The old famous Aphrodisiacum of the Greek authors.", 
  "dosage": "Sixth to thirtieth potency."
}